{"model": "pxpGP", "rank": 14, "world_size": 16, "total_dataset_size": 30000, "local_dataset_size": 1872, "input_dim": 2, "lengthscale": [[0.3187600374221802, 0.15165789425373077]], "outputscale": 1.1225762367248535, "noise": 0.00788178201764822, "test_rmse": 0.15658901631832123, "test_nrmse": 0.03818417940244069, "test_nlpd": 0.1467905342578888, "train_time": 90.14652967453003, "dataset": 8}
{"model": "pxpGP", "rank": 6, "world_size": 16, "total_dataset_size": 30000, "local_dataset_size": 1807, "input_dim": 2, "lengthscale": [[0.31641170382499695, 0.15054035186767578]], "outputscale": 1.1229748725891113, "noise": 0.007870841771364212, "test_rmse": 0.1570005863904953, "test_nrmse": 0.0382845406272703, "test_nlpd": 0.16053728759288788, "train_time": 90.09062504768372, "dataset": 8}
{"model": "pxpGP", "rank": 1, "world_size": 16, "total_dataset_size": 30000, "local_dataset_size": 1984, "input_dim": 2, "lengthscale": [[0.3194252848625183, 0.15142971277236938]], "outputscale": 1.1222422122955322, "noise": 0.007871405221521854, "test_rmse": 0.15689997375011444, "test_nrmse": 0.03826000626847054, "test_nlpd": 0.16173015534877777, "train_time": 90.15528750419617, "dataset": 8}
{"model": "pxpGP", "rank": 3, "world_size": 16, "total_dataset_size": 30000, "local_dataset_size": 1835, "input_dim": 2, "lengthscale": [[0.3180001676082611, 0.152622789144516]], "outputscale": 1.1222729682922363, "noise": 0.007880370132625103, "test_rmse": 0.15733759105205536, "test_nrmse": 0.03836671910159131, "test_nlpd": 0.1579955667257309, "train_time": 90.44570112228394, "dataset": 8}
{"model": "pxpGP", "rank": 0, "world_size": 16, "total_dataset_size": 30000, "local_dataset_size": 1916, "input_dim": 2, "lengthscale": [[0.3177831768989563, 0.15164069831371307]], "outputscale": 1.1229500770568848, "noise": 0.007878929376602173, "test_rmse": 0.15448254346847534, "test_nrmse": 0.03767051670057292, "test_nlpd": 0.16755741834640503, "train_time": 90.6192238330841, "dataset": 8}
{"model": "pxpGP", "rank": 8, "world_size": 16, "total_dataset_size": 30000, "local_dataset_size": 1834, "input_dim": 2, "lengthscale": [[0.3154086470603943, 0.15261845290660858]], "outputscale": 1.12147057056427, "noise": 0.007785435765981674, "test_rmse": 0.1578589230775833, "test_nrmse": 0.03849384574213761, "test_nlpd": 0.15971523523330688, "train_time": 90.55089378356934, "dataset": 8}
{"model": "pxpGP", "rank": 4, "world_size": 16, "total_dataset_size": 30000, "local_dataset_size": 1946, "input_dim": 2, "lengthscale": [[0.3208407759666443, 0.15248417854309082]], "outputscale": 1.121451497077942, "noise": 0.00785321369767189, "test_rmse": 0.15267962217330933, "test_nrmse": 0.037230874944070964, "test_nlpd": 0.16341949999332428, "train_time": 90.22312211990356, "dataset": 8}
{"model": "pxpGP", "rank": 7, "world_size": 16, "total_dataset_size": 30000, "local_dataset_size": 1803, "input_dim": 2, "lengthscale": [[0.31780317425727844, 0.15083318948745728]], "outputscale": 1.1229732036590576, "noise": 0.007868021726608276, "test_rmse": 0.15350371599197388, "test_nrmse": 0.03743182994689416, "test_nlpd": 0.17597153782844543, "train_time": 90.62850308418274, "dataset": 8}
{"model": "pxpGP", "rank": 11, "world_size": 16, "total_dataset_size": 30000, "local_dataset_size": 1888, "input_dim": 2, "lengthscale": [[0.3182320296764374, 0.1517820656299591]], "outputscale": 1.122319221496582, "noise": 0.007913482375442982, "test_rmse": 0.1534402072429657, "test_nrmse": 0.03741634335963045, "test_nlpd": 0.16157348453998566, "train_time": 90.30543780326843, "dataset": 8}
{"model": "pxpGP", "rank": 13, "world_size": 16, "total_dataset_size": 30000, "local_dataset_size": 1903, "input_dim": 2, "lengthscale": [[0.3187045753002167, 0.15200760960578918]], "outputscale": 1.122431993484497, "noise": 0.007879438810050488, "test_rmse": 0.15812693536281586, "test_nrmse": 0.03855920044850203, "test_nlpd": 0.1844208687543869, "train_time": 90.2685878276825, "dataset": 8}
{"model": "pxpGP", "rank": 5, "world_size": 16, "total_dataset_size": 30000, "local_dataset_size": 1899, "input_dim": 2, "lengthscale": [[0.3195638060569763, 0.1503198742866516]], "outputscale": 1.122481107711792, "noise": 0.007927541621029377, "test_rmse": 0.15586471557617188, "test_nrmse": 0.038007558908041965, "test_nlpd": 0.16790442168712616, "train_time": 90.65324521064758, "dataset": 8}
{"model": "pxpGP", "rank": 15, "world_size": 16, "total_dataset_size": 30000, "local_dataset_size": 1855, "input_dim": 2, "lengthscale": [[0.32606762647628784, 0.14047871530056]], "outputscale": 1.1176884174346924, "noise": 0.007430249359458685, "test_rmse": 0.16101086139678955, "test_nrmse": 0.03926244485001716, "test_nlpd": 0.30553528666496277, "train_time": 90.42743134498596, "dataset": 8}
{"model": "pxpGP", "rank": 12, "world_size": 16, "total_dataset_size": 30000, "local_dataset_size": 1844, "input_dim": 2, "lengthscale": [[0.33482256531715393, 0.15036125481128693]], "outputscale": 1.1218584775924683, "noise": 0.008023572154343128, "test_rmse": 0.15319783985614777, "test_nrmse": 0.03735724215319114, "test_nlpd": 0.135701984167099, "train_time": 90.35419511795044, "dataset": 8}
{"model": "pxpGP", "rank": 2, "world_size": 16, "total_dataset_size": 30000, "local_dataset_size": 1764, "input_dim": 2, "lengthscale": [[0.3183977007865906, 0.1524924486875534]], "outputscale": 1.1225461959838867, "noise": 0.007885427214205265, "test_rmse": 0.1523086428642273, "test_nrmse": 0.037140411763283206, "test_nlpd": 0.16383183002471924, "train_time": 90.67546510696411, "dataset": 8}
{"model": "pxpGP", "rank": 10, "world_size": 16, "total_dataset_size": 30000, "local_dataset_size": 1895, "input_dim": 2, "lengthscale": [[0.3178328573703766, 0.15155205130577087]], "outputscale": 1.1228617429733276, "noise": 0.00787822250276804, "test_rmse": 0.15789498388767242, "test_nrmse": 0.038502639158650556, "test_nlpd": 0.1643882840871811, "train_time": 90.19569563865662, "dataset": 8}
{"model": "pxpGP", "rank": 9, "world_size": 16, "total_dataset_size": 30000, "local_dataset_size": 1955, "input_dim": 2, "lengthscale": [[0.31902509927749634, 0.15104886889457703]], "outputscale": 1.122578740119934, "noise": 0.007938912138342857, "test_rmse": 0.15171538293361664, "test_nrmse": 0.036995745527072445, "test_nlpd": 0.15392141044139862, "train_time": 90.57432723045349, "dataset": 8}
{"model": "pxpGP", "rank": 14, "world_size": 16, "total_dataset_size": 30000, "local_dataset_size": 1872, "input_dim": 2, "lengthscale": [[0.3273593485355377, 0.1443040370941162]], "outputscale": 1.1198149919509888, "noise": 0.009037881158292294, "test_rmse": 0.17256316542625427, "test_nrmse": 0.04207947033458819, "test_nlpd": 0.18539278209209442, "train_time": 91.97782945632935, "dataset": 8}
{"model": "pxpGP", "rank": 6, "world_size": 16, "total_dataset_size": 30000, "local_dataset_size": 1807, "input_dim": 2, "lengthscale": [[0.3298376798629761, 0.1462448239326477]], "outputscale": 1.1181221008300781, "noise": 0.008431262336671352, "test_rmse": 0.1708909571170807, "test_nrmse": 0.04167170289612408, "test_nlpd": 0.17044615745544434, "train_time": 92.0624692440033, "dataset": 8}
{"model": "pxpGP", "rank": 10, "world_size": 16, "total_dataset_size": 30000, "local_dataset_size": 1895, "input_dim": 2, "lengthscale": [[0.33450207114219666, 0.14858467876911163]], "outputscale": 1.1157877445220947, "noise": 0.007858393713831902, "test_rmse": 0.17297691106796265, "test_nrmse": 0.04218036207132313, "test_nlpd": 0.15112850069999695, "train_time": 91.924649477005, "dataset": 8}
{"model": "pxpGP", "rank": 0, "world_size": 16, "total_dataset_size": 30000, "local_dataset_size": 1916, "input_dim": 2, "lengthscale": [[0.33206626772880554, 0.14669829607009888]], "outputscale": 1.117724895477295, "noise": 0.0084627540782094, "test_rmse": 0.1669948548078537, "test_nrmse": 0.04072163964747731, "test_nlpd": 0.176096111536026, "train_time": 92.03786015510559, "dataset": 8}
{"model": "pxpGP", "rank": 3, "world_size": 16, "total_dataset_size": 30000,