{"model": "pxpGP", "rank": 1, "world_size": 4, "total_dataset_size": 3000, "local_dataset_size": 713, "input_dim": 2, "lengthscale": [[1.1610665321350098, 0.9267463088035583]], "outputscale": 1.0190032720565796, "noise": 0.33658620715141296, "test_rmse": 0.29474279284477234, "test_nrmse": 0.07276679343437079, "test_nlpd": 0.5173908472061157, "train_time": 9.613211393356323, "dataset": 8}
{"model": "pxpGP", "rank": 2, "world_size": 4, "total_dataset_size": 3000, "local_dataset_size": 737, "input_dim": 2, "lengthscale": [[1.1608773469924927, 0.9271574020385742]], "outputscale": 1.0189602375030518, "noise": 0.3364114463329315, "test_rmse": 0.2974383533000946, "test_nrmse": 0.0734322797349827, "test_nlpd": 0.5206518769264221, "train_time": 9.61101746559143, "dataset": 8}
{"model": "pxpGP", "rank": 3, "world_size": 4, "total_dataset_size": 3000, "local_dataset_size": 765, "input_dim": 2, "lengthscale": [[1.1608197689056396, 0.9271156787872314]], "outputscale": 1.0189803838729858, "noise": 0.33638209104537964, "test_rmse": 0.3021295964717865, "test_nrmse": 0.07459046487508447, "test_nlpd": 0.5232012271881104, "train_time": 9.628414392471313, "dataset": 8}
{"model": "pxpGP", "rank": 0, "world_size": 4, "total_dataset_size": 3000, "local_dataset_size": 785, "input_dim": 2, "lengthscale": [[1.160927414894104, 0.927343487739563]], "outputscale": 1.0189510583877563, "noise": 0.3364897668361664, "test_rmse": 0.28862935304641724, "test_nrmse": 0.07125749304847584, "test_nlpd": 0.5113934874534607, "train_time": 9.61835527420044, "dataset": 8}
