{"model": "pxpGP", "rank": 34, "world_size": 36, "total_dataset_size": 46656, "local_dataset_size": 729, "input_dim": 6, "lengthscale": [[4.526976585388184, 4.545328140258789, 4.528375148773193, 4.5155205726623535, 4.541396141052246, 4.638009548187256]], "outputscale": 0.0027130378875881433, "noise": 0.00010125818516826257, "test_rmse": 0.0024121971800923347, "train_time": 456.2004737854004, "dataset": 4}
{"model": "pxpGP", "rank": 0, "world_size": 36, "total_dataset_size": 46656, "local_dataset_size": 729, "input_dim": 6, "lengthscale": [[4.5249104499816895, 4.543726444244385, 4.530304908752441, 4.514477252960205, 4.5407185554504395, 4.637389659881592]], "outputscale": 0.0027231413405388594, "noise": 0.00010125972039531916, "test_rmse": 0.0024032259825617075, "train_time": 455.7123944759369, "dataset": 4}
{"model": "pxpGP", "rank": 35, "world_size": 36, "total_dataset_size": 46656, "local_dataset_size": 729, "input_dim": 6, "lengthscale": [[4.527342796325684, 4.545559883117676, 4.528639316558838, 4.516968250274658, 4.542372703552246, 4.640956401824951]], "outputscale": 0.0026972307823598385, "noise": 0.00010125654807779938, "test_rmse": 0.0024708625860512257, "train_time": 456.2270414829254, "dataset": 4}
{"model": "pxpGP", "rank": 3, "world_size": 36, "total_dataset_size": 46656, "local_dataset_size": 729, "input_dim": 6, "lengthscale": [[4.526626110076904, 4.5445780754089355, 4.52838659286499, 4.51612663269043, 4.541034698486328, 4.638998985290527]], "outputscale": 0.0027086527552455664, "noise": 0.00010125816334038973, "test_rmse": 0.002465899335220456, "train_time": 456.1986994743347, "dataset": 4}
{"model": "pxpGP", "rank": 32, "world_size": 36, "total_dataset_size": 46656, "local_dataset_size": 729, "input_dim": 6, "lengthscale": [[4.523519992828369, 4.538826942443848, 4.528661251068115, 4.51070499420166, 4.539272785186768, 4.634954452514648]], "outputscale": 0.002863012021407485, "noise": 0.00010126580309588462, "test_rmse": 0.0027742062229663134, "train_time": 456.48691296577454, "dataset": 4}
{"model": "pxpGP", "rank": 33, "world_size": 36, "total_dataset_size": 46656, "local_dataset_size": 729, "input_dim": 6, "lengthscale": [[4.522943019866943, 4.541561603546143, 4.525448322296143, 4.509469985961914, 4.537757873535156, 4.6342902183532715]], "outputscale": 0.0029144666623324156, "noise": 0.00010126703273272142, "test_rmse": 0.0026925024576485157, "train_time": 456.09910321235657, "dataset": 4}
{"model": "pxpGP", "rank": 12, "world_size": 36, "total_dataset_size": 46656, "local_dataset_size": 1458, "input_dim": 6, "lengthscale": [[4.526306629180908, 4.544375896453857, 4.528887748718262, 4.515905380249023, 4.542762279510498, 4.6378703117370605]], "outputscale": 0.0027004489675164223, "noise": 0.00010125743574462831, "test_rmse": 0.0023562517017126083, "train_time": 456.164879322052, "dataset": 4}
{"model": "pxpGP", "rank": 14, "world_size": 36, "total_dataset_size": 46656, "local_dataset_size": 1458, "input_dim": 6, "lengthscale": [[4.527827262878418, 4.544088363647461, 4.527851581573486, 4.516368389129639, 4.542169094085693, 4.639186382293701]], "outputscale": 0.0027124849148094654, "noise": 0.00010125801054527983, "test_rmse": 0.0021756873466074467, "train_time": 456.62269401550293, "dataset": 4}
{"model": "pxpGP", "rank": 1, "world_size": 36, "total_dataset_size": 46656, "local_dataset_size": 729, "input_dim": 6, "lengthscale": [[4.526579856872559, 4.544636249542236, 4.527777194976807, 4.517065525054932, 4.542032241821289, 4.638791084289551]], "outputscale": 0.002707860665395856, "noise": 0.00010125795233761892, "test_rmse": 0.0024640073534101248, "train_time": 456.3050742149353, "dataset": 4}
{"model": "pxpGP", "rank": 24, "world_size": 36, "total_dataset_size": 46656, "local_dataset_size": 1458, "input_dim": 6, "lengthscale": [[4.527126789093018, 4.544881820678711, 4.5291242599487305, 4.516604900360107, 4.541622161865234, 4.638388633728027]], "outputscale": 0.0027091880328953266, "noise": 0.0001012579959933646, "test_rmse": 0.002404063241556287, "train_time": 456.33587884902954, "dataset": 4}
{"model": "pxpGP", "rank": 28, "world_size": 36, "total_dataset_size": 46656, "local_dataset_size": 1458, "input_dim": 6, "lengthscale": [[4.526894569396973, 4.544611930847168, 4.530149936676025, 4.516781806945801, 4.541955471038818, 4.640044212341309]], "outputscale": 0.0027271551080048084, "noise": 0.00010125739208888263, "test_rmse": 0.0024587002117186785, "train_time": 456.47039771080017, "dataset": 4}
{"model": "pxpGP", "rank": 13, "world_size": 36, "total_dataset_size": 46656, "local_dataset_size": 1458, "input_dim": 6, "lengthscale": [[4.526278972625732, 4.543662071228027, 4.528336048126221, 4.516401290893555, 4.5417375564575195, 4.6388959884643555]], "outputscale": 0.0027156719006597996, "noise": 0.0001012582506518811, "test_rmse": 0.002374612493440509, "train_time": 456.6231873035431, "dataset": 4}
{"model": "pxpGP", "rank": 23, "world_size": 36, "total_dataset_size": 46656, "local_dataset_size": 1458, "input_dim": 6, "lengthscale": [[4.525572776794434, 4.545695781707764, 4.529714584350586, 4.517085552215576, 4.544773578643799, 4.639448642730713]], "outputscale": 0.0027355935890227556, "noise": 0.00010125740664079785, "test_rmse": 0.0023194148670881987, "train_time": 456.2729387283325, "dataset": 4}
{"model": "pxpGP", "rank": 11, "world_size": 36, "total_dataset_size": 46656, "local_dataset_size": 1458, "input_dim": 6, "lengthscale": [[4.526256084442139, 4.545314788818359, 4.5292510986328125, 4.517864227294922, 4.541753768920898, 4.639218807220459]], "outputscale": 0.0027063668239861727, "noise": 0.00010125744302058592, "test_rmse": 0.002393179340288043, "train_time": 456.2375967502594, "dataset": 4}
{"model": "pxpGP", "rank": 20, "world_size": 36, "total_dataset_size": 46656, "local_dataset_size": 1458, "input_dim": 6, "lengthscale": [[4.526544094085693, 4.544865608215332, 4.5277099609375, 4.5156965255737305, 4.542431831359863, 4.6399359703063965]], "outputscale": 0.0027052522636950016, "noise": 0.00010125764674739912, "test_rmse": 0.002358990488573909, "train_time": 456.495317697525, "dataset": 4}
{"model": "pxpGP", "rank": 6, "world_size": 36, "total_dataset_size": 46656, "local_dataset_size": 1458, "input_dim": 6, "lengthscale": [[4.525997638702393, 4.543851852416992, 4.528884410858154, 4.516620635986328, 4.542709827423096, 4.638513088226318]], "outputscale": 0.0026989111211150885, "noise": 0.00010125816334038973, "test_rmse": 0.002320552011951804, "train_time": 456.2293360233307, "dataset": 4}
{"model": "pxpGP", "rank": 2, "world_size": 36, "total_dataset_size": 46656, "local_dataset_size": 729, "input_dim": 6, "lengthscale": [[4.526156425476074, 4.544088363647461, 4.527722358703613, 4.515546798706055, 4.5407891273498535, 4.637372016906738]], "outputscale": 0.0026877466589212418, "noise": 0.00010125832341145724, "test_rmse": 0.0024178102612495422, "train_time": 456.55318808555603, "dataset": 4}
{"model": "pxpGP", "rank": 31, "world_size": 36, "total_dataset_size": 46656, "local_dataset_size": 1458, "input_dim": 6, "lengthscale": [[4.527091026306152, 4.545497417449951, 4.5296549797058105, 4.516203880310059, 4.541718482971191, 4.639126300811768]], "outputscale": 0.0027295053005218506, "noise": 0.00010125742119271308, "test_rmse": 0.002455327659845352, "train_time": 456.6804254055023, "dataset": 4}
{"model": "pxpGP", "rank": 17, "world_size": 36, "total_dataset_size": 46656, "local_dataset_size": 1458, "input_dim": 6, "lengthscale": [[4.529385089874268, 4.547659873962402, 4.531599521636963, 4.518331527709961, 4.547147274017334, 4.64166259765625]], "outputscale": 0.0026615667156875134, "noise": 0.0001012498396448791, "test_rmse": 0.0022897475864738226, "train_time": 456.961394071579, "dataset": 4}
{"model": "pxpGP", "rank": 9, "world_size": 36, "total_dataset_size": 46656, "local_dataset_size": 1458, "input_dim": 6,