{"model": "fullGP", "rank": 0, "world_size": 1, "total_dataset_size": 16055, "local_dataset_size": 16055, "input_dim": 2, "lengthscale": [[0.8556141257286072, 0.505115270614624]], "outputscale": 1.9774227142333984, "noise": 0.011928948573768139, "test_rmse": 0.052845943719148636, "train_time": 109.71373224258423}
{"model": "fullGP", "rank": 0, "world_size": 1, "total_dataset_size": 16055, "local_dataset_size": 16055, "input_dim": 2, "lengthscale": [[0.8476240634918213, 0.5041290521621704]], "outputscale": 1.9817270040512085, "noise": 0.01193024218082428, "test_rmse": 0.05102505907416344, "train_time": 109.3640501499176}
{"model": "fullGP", "rank": 0, "world_size": 1, "total_dataset_size": 16055, "local_dataset_size": 16055, "input_dim": 2, "lengthscale": [[0.8396902680397034, 0.5013781189918518]], "outputscale": 1.9877561330795288, "noise": 0.011912629008293152, "test_rmse": 0.050292257219552994, "train_time": 109.89498043060303}
{"model": "fullGP", "rank": 0, "world_size": 1, "total_dataset_size": 16055, "local_dataset_size": 16055, "input_dim": 2, "lengthscale": [[0.845973789691925, 0.49841558933258057]], "outputscale": 1.9746919870376587, "noise": 0.011920641176402569, "test_rmse": 0.049970004707574844, "train_time": 109.55289959907532}
{"model": "fullGP", "rank": 0, "world_size": 1, "total_dataset_size": 16055, "local_dataset_size": 16055, "input_dim": 2, "lengthscale": [[0.8467260003089905, 0.5073793530464172]], "outputscale": 1.9795085191726685, "noise": 0.011929294094443321, "test_rmse": 0.04957270249724388, "train_time": 109.2547116279602}
{"model": "fullGP", "rank": 0, "world_size": 1, "total_dataset_size": 16055, "local_dataset_size": 16055, "input_dim": 2, "lengthscale": [[0.8454634547233582, 0.5071815252304077]], "outputscale": 1.9846121072769165, "noise": 0.01192611176520586, "test_rmse": 0.052709441632032394, "train_time": 109.41729927062988}
{"model": "fullGP", "rank": 0, "world_size": 1, "total_dataset_size": 16055, "local_dataset_size": 16055, "input_dim": 2, "lengthscale": [[0.8437545299530029, 0.5061227083206177]], "outputscale": 1.9772536754608154, "noise": 0.011929784901440144, "test_rmse": 0.05266628786921501, "train_time": 109.75327682495117}
{"model": "fullGP", "rank": 0, "world_size": 1, "total_dataset_size": 16055, "local_dataset_size": 16055, "input_dim": 2, "lengthscale": [[0.8439205884933472, 0.5083943009376526]], "outputscale": 1.9731500148773193, "noise": 0.011923421174287796, "test_rmse": 0.05208228901028633, "train_time": 109.62730932235718}
{"model": "fullGP", "rank": 0, "world_size": 1, "total_dataset_size": 16055, "local_dataset_size": 16055, "input_dim": 2, "lengthscale": [[0.8378679156303406, 0.506923496723175]], "outputscale": 1.9833623170852661, "noise": 0.011925923638045788, "test_rmse": 0.05145730823278427, "train_time": 109.25389456748962}
{"model": "fullGP", "rank": 0, "world_size": 1, "total_dataset_size": 16055, "local_dataset_size": 16055, "input_dim": 2, "lengthscale": [[0.8514382839202881, 0.5073612332344055]], "outputscale": 1.9824146032333374, "noise": 0.01192660816013813, "test_rmse": 0.050784725695848465, "train_time": 109.24558520317078}
