{"model": "apxGP", "rank": 12, "world_size": 16, "total_dataset_size": 16900, "local_dataset_size": 1089, "input_dim": 2, "lengthscale": [[0.6227177977561951, 0.4830549359321594]], "outputscale": 0.8037890195846558, "noise": 0.036096859723329544, "test_rmse": 2.9449751377105713, "train_time": 3.4532570838928223, "dataset": 1}
{"model": "apxGP", "rank": 11, "world_size": 16, "total_dataset_size": 16900, "local_dataset_size": 1056, "input_dim": 2, "lengthscale": [[0.6239475011825562, 0.48081299662590027]], "outputscale": 0.8036907911300659, "noise": 0.03617634251713753, "test_rmse": 3.3669402599334717, "train_time": 3.5348961353302, "dataset": 1}
{"model": "apxGP", "rank": 2, "world_size": 16, "total_dataset_size": 16900, "local_dataset_size": 1056, "input_dim": 2, "lengthscale": [[0.6231406331062317, 0.4794362783432007]], "outputscale": 0.8049688339233398, "noise": 0.03616112843155861, "test_rmse": 2.8468875885009766, "train_time": 3.067816972732544, "dataset": 1}
{"model": "apxGP", "rank": 9, "world_size": 16, "total_dataset_size": 16900, "local_dataset_size": 1024, "input_dim": 2, "lengthscale": [[0.6209830045700073, 0.47574275732040405]], "outputscale": 0.8042227029800415, "noise": 0.036099936813116074, "test_rmse": 3.0184719562530518, "train_time": 3.3697714805603027, "dataset": 1}
{"model": "apxGP", "rank": 6, "world_size": 16, "total_dataset_size": 16900, "local_dataset_size": 1024, "input_dim": 2, "lengthscale": [[0.6205254197120667, 0.4689125418663025]], "outputscale": 0.8069813847541809, "noise": 0.036048609763383865, "test_rmse": 2.758938789367676, "train_time": 3.095959186553955, "dataset": 1}
{"model": "apxGP", "rank": 7, "world_size": 16, "total_dataset_size": 16900, "local_dataset_size": 1056, "input_dim": 2, "lengthscale": [[0.6228686571121216, 0.4784523844718933]], "outputscale": 0.8049762845039368, "noise": 0.036192040890455246, "test_rmse": 2.932204008102417, "train_time": 3.47347354888916, "dataset": 1}
{"model": "apxGP", "rank": 13, "world_size": 16, "total_dataset_size": 16900, "local_dataset_size": 1056, "input_dim": 2, "lengthscale": [[0.6236462593078613, 0.48461243510246277]], "outputscale": 0.8030346035957336, "noise": 0.03619036823511124, "test_rmse": 3.1495327949523926, "train_time": 3.4522690773010254, "dataset": 1}
{"model": "apxGP", "rank": 3, "world_size": 16, "total_dataset_size": 16900, "local_dataset_size": 1089, "input_dim": 2, "lengthscale": [[0.6230687499046326, 0.48185327649116516]], "outputscale": 0.8043972849845886, "noise": 0.036173805594444275, "test_rmse": 2.8953685760498047, "train_time": 3.1797056198120117, "dataset": 1}
{"model": "apxGP", "rank": 8, "world_size": 16, "total_dataset_size": 16900, "local_dataset_size": 1056, "input_dim": 2, "lengthscale": [[0.6238589286804199, 0.4802015423774719]], "outputscale": 0.8044790029525757, "noise": 0.035962339490652084, "test_rmse": 2.700991153717041, "train_time": 3.1695728302001953, "dataset": 1}
{"model": "apxGP", "rank": 10, "world_size": 16, "total_dataset_size": 16900, "local_dataset_size": 1024, "input_dim": 2, "lengthscale": [[0.6222728490829468, 0.4650428295135498]], "outputscale": 0.8070791363716125, "noise": 0.03589736297726631, "test_rmse": 3.154942274093628, "train_time": 3.221867084503174, "dataset": 1}
{"model": "apxGP", "rank": 15, "world_size": 16, "total_dataset_size": 16900, "local_dataset_size": 1089, "input_dim": 2, "lengthscale": [[0.6230289340019226, 0.48436954617500305]], "outputscale": 0.8031492233276367, "noise": 0.03616596758365631, "test_rmse": 3.4252026081085205, "train_time": 3.0077550411224365, "dataset": 1}
{"model": "apxGP", "rank": 5, "world_size": 16, "total_dataset_size": 16900, "local_dataset_size": 1024, "input_dim": 2, "lengthscale": [[0.6243199706077576, 0.4680647850036621]], "outputscale": 0.8066971302032471, "noise": 0.036068905144929886, "test_rmse": 2.4642229080200195, "train_time": 3.100433826446533, "dataset": 1}
{"model": "apxGP", "rank": 4, "world_size": 16, "total_dataset_size": 16900, "local_dataset_size": 1056, "input_dim": 2, "lengthscale": [[0.6251963973045349, 0.4782697558403015]], "outputscale": 0.8044805526733398, "noise": 0.03602960705757141, "test_rmse": 2.9285762310028076, "train_time": 3.4657135009765625, "dataset": 1}
{"model": "apxGP", "rank": 14, "world_size": 16, "total_dataset_size": 16900, "local_dataset_size": 1056, "input_dim": 2, "lengthscale": [[0.6198598742485046, 0.4740787744522095]], "outputscale": 0.8058187961578369, "noise": 0.03603896498680115, "test_rmse": 3.370419979095459, "train_time": 3.5364625453948975, "dataset": 1}
{"model": "apxGP", "rank": 1, "world_size": 16, "total_dataset_size": 16900, "local_dataset_size": 1056, "input_dim": 2, "lengthscale": [[0.6228979825973511, 0.46254444122314453]], "outputscale": 0.8078346848487854, "noise": 0.03592001646757126, "test_rmse": 2.7336037158966064, "train_time": 3.034655809402466, "dataset": 1}
{"model": "apxGP", "rank": 0, "world_size": 16, "total_dataset_size": 16900, "local_dataset_size": 1089, "input_dim": 2, "lengthscale": [[0.6215910315513611, 0.4806433916091919]], "outputscale": 0.8042932152748108, "noise": 0.035909898579120636, "test_rmse": 3.0931479930877686, "train_time": 3.5938425064086914, "dataset": 1}
