{"model": "pxpGP", "rank": 12, "world_size": 16, "total_dataset_size": 30000, "local_dataset_size": 1849, "input_dim": 2, "lengthscale": [[0.7755346298217773, 0.7649288773536682]], "outputscale": 0.9431118965148926, "noise": 0.11522457003593445, "test_rmse": 0.3353366553783417, "test_nrmse": 0.07406144555537769, "test_nlpd": 0.33078277111053467, "train_time": 72.41516733169556, "dataset": 6}
{"model": "pxpGP", "rank": 3, "world_size": 16, "total_dataset_size": 30000, "local_dataset_size": 1837, "input_dim": 2, "lengthscale": [[0.7753936052322388, 0.7649667263031006]], "outputscale": 0.9431500434875488, "noise": 0.11522450298070908, "test_rmse": 0.336296945810318, "test_nrmse": 0.0742735324131801, "test_nlpd": 0.33158719539642334, "train_time": 72.39503788948059, "dataset": 6}
{"model": "pxpGP", "rank": 15, "world_size": 16, "total_dataset_size": 30000, "local_dataset_size": 1856, "input_dim": 2, "lengthscale": [[0.7750927805900574, 0.7649362087249756]], "outputscale": 0.943169355392456, "noise": 0.11524441838264465, "test_rmse": 0.34067052602767944, "test_nrmse": 0.07523946819131548, "test_nlpd": 0.34632593393325806, "train_time": 71.92114067077637, "dataset": 6}
{"model": "pxpGP", "rank": 11, "world_size": 16, "total_dataset_size": 30000, "local_dataset_size": 1888, "input_dim": 2, "lengthscale": [[0.7751946449279785, 0.7649244666099548]], "outputscale": 0.9431360363960266, "noise": 0.11532355099916458, "test_rmse": 0.33970919251441956, "test_nrmse": 0.07502715096171668, "test_nlpd": 0.3431225121021271, "train_time": 72.01283621788025, "dataset": 6}
{"model": "pxpGP", "rank": 7, "world_size": 16, "total_dataset_size": 30000, "local_dataset_size": 1802, "input_dim": 2, "lengthscale": [[0.7751200199127197, 0.7650752067565918]], "outputscale": 0.943143367767334, "noise": 0.11530479788780212, "test_rmse": 0.3397529125213623, "test_nrmse": 0.07503680683101084, "test_nlpd": 0.3437480628490448, "train_time": 71.99752306938171, "dataset": 6}
{"model": "pxpGP", "rank": 6, "world_size": 16, "total_dataset_size": 30000, "local_dataset_size": 1807, "input_dim": 2, "lengthscale": [[0.7753901481628418, 0.7643205523490906]], "outputscale": 0.9431598782539368, "noise": 0.11544379591941833, "test_rmse": 0.34037503600120544, "test_nrmse": 0.07517420715242557, "test_nlpd": 0.34504446387290955, "train_time": 72.35379409790039, "dataset": 6}
{"model": "pxpGP", "rank": 2, "world_size": 16, "total_dataset_size": 30000, "local_dataset_size": 1765, "input_dim": 2, "lengthscale": [[0.7752006649971008, 0.7648464441299438]], "outputscale": 0.9431335926055908, "noise": 0.11527784168720245, "test_rmse": 0.33037739992141724, "test_nrmse": 0.07296615930459838, "test_nlpd": 0.31679826974868774, "train_time": 71.98292875289917, "dataset": 6}
{"model": "pxpGP", "rank": 8, "world_size": 16, "total_dataset_size": 30000, "local_dataset_size": 1834, "input_dim": 2, "lengthscale": [[0.7756152153015137, 0.7643641233444214]], "outputscale": 0.9431218504905701, "noise": 0.11527547985315323, "test_rmse": 0.331486314535141, "test_nrmse": 0.07321107085235985, "test_nlpd": 0.3208327889442444, "train_time": 72.39941120147705, "dataset": 6}
{"model": "pxpGP", "rank": 10, "world_size": 16, "total_dataset_size": 30000, "local_dataset_size": 1893, "input_dim": 2, "lengthscale": [[0.7754548788070679, 0.7643977403640747]], "outputscale": 0.9431599378585815, "noise": 0.11528250575065613, "test_rmse": 0.33055517077445984, "test_nrmse": 0.07300542124075353, "test_nlpd": 0.31740280985832214, "train_time": 72.00130343437195, "dataset": 6}
{"model": "pxpGP", "rank": 13, "world_size": 16, "total_dataset_size": 30000, "local_dataset_size": 1907, "input_dim": 2, "lengthscale": [[0.7753034234046936, 0.7648117542266846]], "outputscale": 0.9431191682815552, "noise": 0.1152353435754776, "test_rmse": 0.3343419134616852, "test_nrmse": 0.07384174984624328, "test_nlpd": 0.3277418315410614, "train_time": 71.96770119667053, "dataset": 6}
{"model": "pxpGP", "rank": 4, "world_size": 16, "total_dataset_size": 30000, "local_dataset_size": 1941, "input_dim": 2, "lengthscale": [[0.7755308151245117, 0.7639068961143494]], "outputscale": 0.9431798458099365, "noise": 0.11538773030042648, "test_rmse": 0.3513432443141937, "test_nrmse": 0.07759661266576239, "test_nlpd": 0.3782315254211426, "train_time": 72.33342123031616, "dataset": 6}
{"model": "pxpGP", "rank": 5, "world_size": 16, "total_dataset_size": 30000, "local_dataset_size": 1893, "input_dim": 2, "lengthscale": [[0.7750638723373413, 0.7645853757858276]], "outputscale": 0.9431393146514893, "noise": 0.11543777585029602, "test_rmse": 0.3400384187698364, "test_nrmse": 0.07509986288270679, "test_nlpd": 0.34553998708724976, "train_time": 71.94252181053162, "dataset": 6}
{"model": "pxpGP", "rank": 14, "world_size": 16, "total_dataset_size": 30000, "local_dataset_size": 1874, "input_dim": 2, "lengthscale": [[0.7751106023788452, 0.7646205425262451]], "outputscale": 0.9431796073913574, "noise": 0.11526179313659668, "test_rmse": 0.3412426710128784, "test_nrmse": 0.07536583041265776, "test_nlpd": 0.34775498509407043, "train_time": 72.00159931182861, "dataset": 6}
{"model": "pxpGP", "rank": 0, "world_size": 16, "total_dataset_size": 30000, "local_dataset_size": 1917, "input_dim": 2, "lengthscale": [[0.7752205729484558, 0.7647110819816589]], "outputscale": 0.9431198835372925, "noise": 0.11534032225608826, "test_rmse": 0.33982428908348083, "test_nrmse": 0.07505257084393482, "test_nlpd": 0.34371963143348694, "train_time": 72.42774176597595, "dataset": 6}
{"model": "pxpGP", "rank": 1, "world_size": 16, "total_dataset_size": 30000, "local_dataset_size": 1985, "input_dim": 2, "lengthscale": [[0.775273323059082, 0.7649565935134888]], "outputscale": 0.9431467056274414, "noise": 0.1154247373342514, "test_rmse": 0.33748847246170044, "test_nrmse": 0.0745366894072152, "test_nlpd": 0.3378702700138092, "train_time": 72.38308429718018, "dataset": 6}
{"model": "pxpGP", "rank": 9, "world_size": 16, "total_dataset_size": 30000, "local_dataset_size": 1957, "input_dim": 2, "lengthscale": [[0.77525794506073, 0.764639675617218]], "outputscale": 0.9431483745574951, "noise": 0.11536190658807755, "test_rmse": 0.33846187591552734, "test_nrmse": 0.07475167236760072, "test_nlpd": 0.34152495861053467, "train_time": 72.41987824440002, "dataset": 6}
{"model": "pxpGP", "rank": 12, "world_size": 16, "total_dataset_size": 30000, "local_dataset_size": 1849, "input_dim": 2, "lengthscale": [[0.3060084879398346, 0.18594272434711456]], "outputscale": 1.040898084640503, "noise": 0.031834714114665985, "test_rmse": 0.2353958636522293, "test_nrmse": 0.051988822755362527, "test_nlpd": 0.23331795632839203, "train_time": 116.89198899269104, "dataset": 6}
{"model": "pxpGP", "rank": 8, "world_size": 16, "total_dataset_size": 30000, "local_dataset_size": 1834, "input_dim": 2, "lengthscale": [[0.3108851909637451, 0.19100266695022583]], "outputscale": 1.040168285369873, "noise": 0.033097147941589355, "test_rmse": 0.23019154369831085, "test_nrmse": 0.05083941229653563, "test_nlpd": 0.19794195890426636, "train_time": 116.8754210472107, "dataset": 6}
{"model": "pxpGP", "rank": 13, "world_size": 16, "total_dataset_size": 30000, "local_dataset_size": 1907, "input_dim": 2, "lengthscale": [[0.3061722218990326, 0.18592879176139832]], "outputscale": 1.040932297706604, "noise": 0.03185717388987541, "test_rmse": 0.23243030905723572, "test_nrmse": 0.05133385928311456, "test_nlpd": 0.2301885038614273, "train_time": 116.78257083892822, "dataset": 6}
{"model": "pxpGP", "rank": 1, "world_size": 16, "total_dataset_size": 30000, "local_dataset_size": 1985, "input_dim": 2, "lengthscale": [[0.3054429888725281, 0.18642935156822205]], "outputscale": 1.040720820426941, "noise": 0.031902607530355453, "test_rmse": 0.23104719817638397, "test_nrmse": 0.05102838957213507, "test_nlpd": 0.30468812584877014, "train_time": 117.17437481880188, "dataset": 6}
{"model": "pxpGP", "rank": 3, "world_size": 16, "total_dataset_size": 30000, "local_dataset_size": 1837,