{"model": "pxpGP", "rank": 3, "world_size": 4, "total_dataset_size": 3000, "local_dataset_size": 744, "input_dim": 2, "lengthscale": [[0.4992794394493103, 0.3687746226787567]], "outputscale": 0.9758446216583252, "noise": 0.05679464712738991, "test_rmse": 0.28389281034469604, "test_nrmse": 0.0681350178381005, "test_nlpd": 0.2070198506116867, "train_time": 46.27780199050903, "dataset": 6}
{"model": "pxpGP", "rank": 0, "world_size": 4, "total_dataset_size": 3000, "local_dataset_size": 760, "input_dim": 2, "lengthscale": [[0.5004175305366516, 0.3703232407569885]], "outputscale": 0.9756896495819092, "noise": 0.05692178010940552, "test_rmse": 0.2808350920677185, "test_nrmse": 0.06740115744518392, "test_nlpd": 0.20539991557598114, "train_time": 46.27478504180908, "dataset": 6}
{"model": "pxpGP", "rank": 1, "world_size": 4, "total_dataset_size": 3000, "local_dataset_size": 736, "input_dim": 2, "lengthscale": [[0.5035950541496277, 0.3714713454246521]], "outputscale": 0.9752029180526733, "noise": 0.05696012079715729, "test_rmse": 0.2806514501571655, "test_nrmse": 0.06735708290579648, "test_nlpd": 0.1812002807855606, "train_time": 46.28566241264343, "dataset": 6}
{"model": "pxpGP", "rank": 2, "world_size": 4, "total_dataset_size": 3000, "local_dataset_size": 760, "input_dim": 2, "lengthscale": [[0.5023027658462524, 0.3712584972381592]], "outputscale": 0.9751152992248535, "noise": 0.05695999041199684, "test_rmse": 0.28422972559928894, "test_nrmse": 0.06821587838139409, "test_nlpd": 0.19529561698436737, "train_time": 46.28044033050537, "dataset": 6}
{"model": "pxpGP", "rank": 0, "world_size": 4, "total_dataset_size": 3000, "local_dataset_size": 760, "input_dim": 2, "lengthscale": [[0.4503853917121887, 0.3453640043735504]], "outputscale": 0.9584888219833374, "noise": 0.05237167701125145, "test_rmse": 0.2757013738155365, "test_nrmse": 0.0661690516223436, "test_nlpd": 0.19648127257823944, "train_time": 49.35379481315613, "dataset": 6}
{"model": "pxpGP", "rank": 3, "world_size": 4, "total_dataset_size": 3000, "local_dataset_size": 744, "input_dim": 2, "lengthscale": [[0.4506348967552185, 0.3442997336387634]], "outputscale": 0.9586268663406372, "noise": 0.05248570814728737, "test_rmse": 0.26841306686401367, "test_nrmse": 0.0644198388700072, "test_nlpd": 0.14894229173660278, "train_time": 49.36633658409119, "dataset": 6}
{"model": "pxpGP", "rank": 2, "world_size": 4, "total_dataset_size": 3000, "local_dataset_size": 760, "input_dim": 2, "lengthscale": [[0.4506852626800537, 0.3449317514896393]], "outputscale": 0.9583433866500854, "noise": 0.052512846887111664, "test_rmse": 0.27647876739501953, "test_nrmse": 0.06635562811697546, "test_nlpd": 0.16376416385173798, "train_time": 49.3654842376709, "dataset": 6}
{"model": "pxpGP", "rank": 1, "world_size": 4, "total_dataset_size": 3000, "local_dataset_size": 736, "input_dim": 2, "lengthscale": [[0.4384370446205139, 0.3381251394748688]], "outputscale": 0.9599424600601196, "noise": 0.05083709582686424, "test_rmse": 0.27771252393722534, "test_nrmse": 0.06665173291761835, "test_nlpd": 0.17779916524887085, "train_time": 49.36248731613159, "dataset": 6}
