{"model": "decpxpGP", "rank": 2, "world_size": 4, "total_dataset_size": 4900, "local_dataset_size": 1225, "input_dim": 2, "lengthscale": [[0.6220057010650635, 0.3599378764629364]], "outputscale": 2.2192578315734863, "noise": 0.006178291514515877, "test_rmse": 0.10005423426628113, "train_time": 725.679660320282}
{"model": "decpxpGP", "rank": 0, "world_size": 4, "total_dataset_size": 4900, "local_dataset_size": 1225, "input_dim": 2, "lengthscale": [[0.6442688703536987, 0.3456572890281677]], "outputscale": 2.2646121978759766, "noise": 0.006193559151142836, "test_rmse": 0.0895264744758606, "train_time": 725.6219160556793}
{"model": "decpxpGP", "rank": 1, "world_size": 4, "total_dataset_size": 4900, "local_dataset_size": 1225, "input_dim": 2, "lengthscale": [[0.6208403706550598, 0.3622692823410034]], "outputscale": 2.176485776901245, "noise": 0.006183029618114233, "test_rmse": 0.09738576412200928, "train_time": 725.6577353477478}
{"model": "decpxpGP", "rank": 3, "world_size": 4, "total_dataset_size": 4900, "local_dataset_size": 1225, "input_dim": 2, "lengthscale": [[0.6270884871482849, 0.3551521301269531]], "outputscale": 2.2486023902893066, "noise": 0.006186005659401417, "test_rmse": 0.06668411195278168, "train_time": 725.6562657356262}
{"model": "decpxpGP", "rank": 1, "world_size": 4, "total_dataset_size": 4900, "local_dataset_size": 1225, "input_dim": 2, "lengthscale": [[0.6247894167900085, 0.3573641777038574]], "outputscale": 2.1842994689941406, "noise": 0.0061799995601177216, "test_rmse": 0.10309238731861115, "train_time": 51.728633880615234}
{"model": "decpxpGP", "rank": 1, "world_size": 4, "total_dataset_size": 4900, "local_dataset_size": 1225, "input_dim": 2, "lengthscale": [[0.6247894167900085, 0.3573641777038574]], "outputscale": 2.1842994689941406, "noise": 0.0061799995601177216, "test_rmse": 0.10309238731861115, "train_time": 53.37842130661011}
{"model": "decpxpGP", "rank": 1, "world_size": 4, "total_dataset_size": 4900, "local_dataset_size": 1225, "input_dim": 2, "lengthscale": [[0.6209446787834167, 0.347523033618927]], "outputscale": 2.258697986602783, "noise": 0.006282768212258816, "test_rmse": 0.10099849104881287, "train_time": 79.00908493995667}
{"model": "decpxpGP", "rank": 1, "world_size": 4, "total_dataset_size": 4900, "local_dataset_size": 1225, "input_dim": 2, "lengthscale": [[0.630435585975647, 0.3542497754096985]], "outputscale": 2.211740493774414, "noise": 0.006294287741184235, "test_rmse": 0.09865259379148483, "train_time": 37.2978618144989}
{"model": "decpxpGP", "rank": 2, "world_size": 4, "total_dataset_size": 4900, "local_dataset_size": 1225, "input_dim": 2, "lengthscale": [[0.6372524499893188, 0.3461507260799408]], "outputscale": 2.016308069229126, "noise": 0.006282937712967396, "test_rmse": 0.09146856516599655, "train_time": 496.2134141921997}
{"model": "decpxpGP", "rank": 0, "world_size": 4, "total_dataset_size": 4900, "local_dataset_size": 1225, "input_dim": 2, "lengthscale": [[0.6256347298622131, 0.3519452214241028]], "outputscale": 2.0301403999328613, "noise": 0.006279162596911192, "test_rmse": 0.09236269444227219, "train_time": 496.25273275375366}
{"model": "decpxpGP", "rank": 1, "world_size": 4, "total_dataset_size": 4900, "local_dataset_size": 1225, "input_dim": 2, "lengthscale": [[0.6229706406593323, 0.342280775308609]], "outputscale": 2.0133919715881348, "noise": 0.006295813247561455, "test_rmse": 0.09576745331287384, "train_time": 496.261207818985}
{"model": "decpxpGP", "rank": 3, "world_size": 4, "total_dataset_size": 4900, "local_dataset_size": 1225, "input_dim": 2, "lengthscale": [[0.6183958053588867, 0.3535424768924713]], "outputscale": 2.035007953643799, "noise": 0.006268380209803581, "test_rmse": 0.07044457644224167, "train_time": 496.25628185272217}
