{"model": "fullGP", "rank": 0, "world_size": 1, "total_dataset_size": 21375, "local_dataset_size": 21375, "input_dim": 2, "lengthscale": [[0.8658642768859863, 0.5080368518829346]], "outputscale": 1.9596251249313354, "noise": 0.010740501806139946, "test_rmse": 0.052279792726039886, "train_time": 13980.203516721725}
{"model": "fullGP", "rank": 0, "world_size": 1, "total_dataset_size": 21375, "local_dataset_size": 21375, "input_dim": 2, "lengthscale": [[0.8658620715141296, 0.5090603232383728]], "outputscale": 1.9572248458862305, "noise": 0.01074413675814867, "test_rmse": 0.05345688760280609, "train_time": 13861.12778711319}
{"model": "fullGP", "rank": 0, "world_size": 1, "total_dataset_size": 21375, "local_dataset_size": 21375, "input_dim": 2, "lengthscale": [[0.8691151142120361, 0.5110357999801636]], "outputscale": 1.9591065645217896, "noise": 0.010744296945631504, "test_rmse": 0.053984783589839935, "train_time": 13967.742545843124}
