{"model": "fullGP", "rank": 0, "world_size": 1, "total_dataset_size": 2375, "local_dataset_size": 2375, "input_dim": 2, "lengthscale": [[0.7051423788070679, 0.40990403294563293]], "outputscale": 2.034231662750244, "noise": 0.027712825685739517, "test_rmse": 0.03156214579939842, "train_time": 28.364318370819092}
{"model": "fullGP", "rank": 0, "world_size": 1, "total_dataset_size": 2375, "local_dataset_size": 2375, "input_dim": 2, "lengthscale": [[0.7011286616325378, 0.4115214943885803]], "outputscale": 2.0346360206604004, "noise": 0.027712754905223846, "test_rmse": 0.033398352563381195, "train_time": 28.728602409362793}
{"model": "fullGP", "rank": 0, "world_size": 1, "total_dataset_size": 2375, "local_dataset_size": 2375, "input_dim": 2, "lengthscale": [[0.6994092464447021, 0.41384002566337585]], "outputscale": 2.0356640815734863, "noise": 0.027712997049093246, "test_rmse": 0.0327724926173687, "train_time": 30.421571731567383}
{"model": "fullGP", "rank": 0, "world_size": 1, "total_dataset_size": 2375, "local_dataset_size": 2375, "input_dim": 2, "lengthscale": [[0.7017704844474792, 0.41187530755996704]], "outputscale": 2.034597873687744, "noise": 0.027708975598216057, "test_rmse": 0.03170749917626381, "train_time": 32.261574268341064}
{"model": "fullGP", "rank": 0, "world_size": 1, "total_dataset_size": 2375, "local_dataset_size": 2375, "input_dim": 2, "lengthscale": [[0.6972424983978271, 0.4111935496330261]], "outputscale": 2.033634901046753, "noise": 0.027705971151590347, "test_rmse": 0.030980776995420456, "train_time": 43.100951194763184}
{"model": "fullGP", "rank": 0, "world_size": 1, "total_dataset_size": 2375, "local_dataset_size": 2375, "input_dim": 2, "lengthscale": [[0.7003916501998901, 0.4109916388988495]], "outputscale": 2.032137155532837, "noise": 0.027703871950507164, "test_rmse": 0.03176132217049599, "train_time": 33.74733304977417}
{"model": "fullGP", "rank": 0, "world_size": 1, "total_dataset_size": 2375, "local_dataset_size": 2375, "input_dim": 2, "lengthscale": [[0.6993328928947449, 0.41330772638320923]], "outputscale": 2.0331592559814453, "noise": 0.027718473225831985, "test_rmse": 0.033835526555776596, "train_time": 31.826435804367065}
