{"model": "fullGP", "rank": 0, "world_size": 1, "total_dataset_size": 9500, "local_dataset_size": 9500, "input_dim": 2, "lengthscale": [[0.8099084496498108, 0.47263920307159424]], "outputscale": 1.999046802520752, "noise": 0.01440001092851162, "test_rmse": 0.048176318407058716, "train_time": 573.8366894721985}
{"model": "fullGP", "rank": 0, "world_size": 1, "total_dataset_size": 9500, "local_dataset_size": 9500, "input_dim": 2, "lengthscale": [[0.8094030022621155, 0.472598671913147]], "outputscale": 1.9990566968917847, "noise": 0.014406895264983177, "test_rmse": 0.0477726124227047, "train_time": 575.4652333259583}
{"model": "fullGP", "rank": 0, "world_size": 1, "total_dataset_size": 9500, "local_dataset_size": 9500, "input_dim": 2, "lengthscale": [[0.8133315443992615, 0.4722783863544464]], "outputscale": 1.9945682287216187, "noise": 0.014403875917196274, "test_rmse": 0.04787517711520195, "train_time": 575.8676989078522}
{"model": "fullGP", "rank": 0, "world_size": 1, "total_dataset_size": 9500, "local_dataset_size": 9500, "input_dim": 2, "lengthscale": [[0.8069745302200317, 0.4732571542263031]], "outputscale": 1.9982759952545166, "noise": 0.014402788132429123, "test_rmse": 0.04769739881157875, "train_time": 578.418045759201}
{"model": "fullGP", "rank": 0, "world_size": 1, "total_dataset_size": 9500, "local_dataset_size": 9500, "input_dim": 2, "lengthscale": [[0.813004195690155, 0.47229480743408203]], "outputscale": 1.9959027767181396, "noise": 0.014400294050574303, "test_rmse": 0.04703785106539726, "train_time": 580.8317909240723}
{"model": "fullGP", "rank": 0, "world_size": 1, "total_dataset_size": 9500, "local_dataset_size": 9500, "input_dim": 2, "lengthscale": [[0.8072533011436462, 0.4730224609375]], "outputscale": 1.999330997467041, "noise": 0.014401045627892017, "test_rmse": 0.047029413282871246, "train_time": 577.5856959819794}
{"model": "fullGP", "rank": 0, "world_size": 1, "total_dataset_size": 9500, "local_dataset_size": 9500, "input_dim": 2, "lengthscale": [[0.8069310188293457, 0.47324737906455994]], "outputscale": 1.9997199773788452, "noise": 0.014404939487576485, "test_rmse": 0.04753272607922554, "train_time": 579.7653048038483}
{"model": "fullGP", "rank": 0, "world_size": 1, "total_dataset_size": 9500, "local_dataset_size": 9500, "input_dim": 2, "lengthscale": [[0.8053464293479919, 0.4740963280200958]], "outputscale": 1.9958910942077637, "noise": 0.014400419779121876, "test_rmse": 0.04721817746758461, "train_time": 580.133425951004}
{"model": "fullGP", "rank": 0, "world_size": 1, "total_dataset_size": 9500, "local_dataset_size": 9500, "input_dim": 2, "lengthscale": [[0.8059969544410706, 0.4721129536628723]], "outputscale": 1.9988250732421875, "noise": 0.014398558996617794, "test_rmse": 0.04648670181632042, "train_time": 576.6396379470825}
{"model": "fullGP", "rank": 0, "world_size": 1, "total_dataset_size": 9500, "local_dataset_size": 9500, "input_dim": 2, "lengthscale": [[0.8058921694755554, 0.47342783212661743]], "outputscale": 2.0009336471557617, "noise": 0.014399062842130661, "test_rmse": 0.04670656844973564, "train_time": 576.6875185966492}
