{"model": "pxpGP", "rank": 2, "world_size": 4, "total_dataset_size": 2500, "local_dataset_size": 625, "input_dim": 2, "lengthscale": [[0.6399078965187073, 0.3932470381259918]], "outputscale": 2.403986692428589, "noise": 0.024346619844436646, "test_rmse": 0.12337569892406464, "train_time": 279.94981622695923}
{"model": "pxpGP", "rank": 1, "world_size": 4, "total_dataset_size": 2500, "local_dataset_size": 625, "input_dim": 2, "lengthscale": [[0.6394804120063782, 0.39282166957855225]], "outputscale": 2.404979705810547, "noise": 0.024392960593104362, "test_rmse": 0.12105026096105576, "train_time": 279.95124197006226}
{"model": "pxpGP", "rank": 3, "world_size": 4, "total_dataset_size": 2500, "local_dataset_size": 625, "input_dim": 2, "lengthscale": [[0.6395048499107361, 0.3944329023361206]], "outputscale": 2.4038655757904053, "noise": 0.024344300851225853, "test_rmse": 0.11228848993778229, "train_time": 279.9665286540985}
{"model": "pxpGP", "rank": 0, "world_size": 4, "total_dataset_size": 2500, "local_dataset_size": 625, "input_dim": 2, "lengthscale": [[0.6404350399971008, 0.39567840099334717]], "outputscale": 2.4005532264709473, "noise": 0.02425692416727543, "test_rmse": 0.09630469232797623, "train_time": 279.9517078399658}
{"model": "pxpGP", "rank": 2, "world_size": 4, "total_dataset_size": 2500, "local_dataset_size": 625, "input_dim": 2, "lengthscale": [[0.6399078965187073, 0.3932470381259918]], "outputscale": 2.403986692428589, "noise": 0.024346619844436646, "test_rmse": 0.12337569892406464, "train_time": 280.3249454498291}
{"model": "pxpGP", "rank": 0, "world_size": 4, "total_dataset_size": 2500, "local_dataset_size": 625, "input_dim": 2, "lengthscale": [[0.6404350399971008, 0.39567840099334717]], "outputscale": 2.4005532264709473, "noise": 0.02425692416727543, "test_rmse": 0.09630469232797623, "train_time": 280.3273460865021}
{"model": "pxpGP", "rank": 1, "world_size": 4, "total_dataset_size": 2500, "local_dataset_size": 625, "input_dim": 2, "lengthscale": [[0.6394804120063782, 0.39282166957855225]], "outputscale": 2.404979705810547, "noise": 0.024392960593104362, "test_rmse": 0.12105026096105576, "train_time": 280.3249032497406}
{"model": "pxpGP", "rank": 3, "world_size": 4, "total_dataset_size": 2500, "local_dataset_size": 625, "input_dim": 2, "lengthscale": [[0.6395048499107361, 0.3944329023361206]], "outputscale": 2.4038655757904053, "noise": 0.024344300851225853, "test_rmse": 0.11228848993778229, "train_time": 280.32372760772705}
{"model": "cGP", "rank": 0, "world_size": 4, "total_dataset_size": 2500, "local_dataset_size": 625, "input_dim": 2, "lengthscale": [[0.3135039806365967, 0.29974913597106934]], "outputscale": 0.373305082321167, "noise": 0.0008023324189707637, "test_rmse": 4.747860431671143, "train_time": 31.798556804656982}
{"model": "cGP", "rank": 3, "world_size": 4, "total_dataset_size": 2500, "local_dataset_size": 625, "input_dim": 2, "lengthscale": [[0.28417959809303284, 0.2737424373626709]], "outputscale": 0.3164721131324768, "noise": 0.0008100178092718124, "test_rmse": 5.381572723388672, "train_time": 31.79842185974121}
{"model": "cGP", "rank": 2, "world_size": 4, "total_dataset_size": 2500, "local_dataset_size": 625, "input_dim": 2, "lengthscale": [[0.3229435384273529, 0.3161896765232086]], "outputscale": 0.37201935052871704, "noise": 0.0007924941019155085, "test_rmse": 4.8240742683410645, "train_time": 31.798537731170654}
{"model": "cGP", "rank": 1, "world_size": 4, "total_dataset_size": 2500, "local_dataset_size": 625, "input_dim": 2, "lengthscale": [[0.32990145683288574, 0.320403516292572]], "outputscale": 0.37761226296424866, "noise": 0.0007921607466414571, "test_rmse": 4.87718391418457, "train_time": 31.79879593849182}
{"model": "apxGP", "rank": 3, "world_size": 4, "total_dataset_size": 2500, "local_dataset_size": 625, "input_dim": 2, "lengthscale": [[0.6043176651000977, 0.3201617896556854]], "outputscale": 2.5688388347625732, "noise": 0.000100202567409724, "test_rmse": 1.5574175119400024, "train_time": 15.106045484542847}
{"model": "apxGP", "rank": 2, "world_size": 4, "total_dataset_size": 2500, "local_dataset_size": 625, "input_dim": 2, "lengthscale": [[0.6342907547950745, 0.3698439300060272]], "outputscale": 2.563438892364502, "noise": 0.000100202567409724, "test_rmse": 1.2397822141647339, "train_time": 15.10469913482666}
{"model": "apxGP", "rank": 1, "world_size": 4, "total_dataset_size": 2500, "local_dataset_size": 625, "input_dim": 2, "lengthscale": [[0.6340308785438538, 0.3680119514465332]], "outputscale": 2.5633351802825928, "noise": 0.000100202567409724, "test_rmse": 1.270101547241211, "train_time": 15.110028505325317}
{"model": "apxGP", "rank": 0, "world_size": 4, "total_dataset_size": 2500, "local_dataset_size": 625, "input_dim": 2, "lengthscale": [[0.593471348285675, 0.29083451628685]], "outputscale": 2.571502685546875, "noise": 0.000100202567409724, "test_rmse": 1.126356840133667, "train_time": 15.114002704620361}
{"model": "apxGP", "rank": 3, "world_size": 4, "total_dataset_size": 2500, "local_dataset_size": 625, "input_dim": 2, "lengthscale": [[0.6043176651000977, 0.3201617896556854]], "outputscale": 2.5688388347625732, "noise": 0.000100202567409724, "test_rmse": 1.5574175119400024, "train_time": 15.068182706832886}
{"model": "apxGP", "rank": 2, "world_size": 4, "total_dataset_size": 2500, "local_dataset_size": 625, "input_dim": 2, "lengthscale": [[0.6342907547950745, 0.3698439300060272]], "outputscale": 2.563438892364502, "noise": 0.000100202567409724, "test_rmse": 1.2397822141647339, "train_time": 15.069060564041138}
{"model": "apxGP", "rank": 0, "world_size": 4, "total_dataset_size": 2500, "local_dataset_size": 625, "input_dim": 2, "lengthscale": [[0.593471348285675, 0.29083451628685]], "outputscale": 2.571502685546875, "noise": 0.000100202567409724, "test_rmse": 1.126356840133667, "train_time": 15.074540376663208}
{"model": "apxGP", "rank": 1, "world_size": 4, "total_dataset_size": 2500, "local_dataset_size": 625, "input_dim": 2, "lengthscale": [[0.6340308785438538, 0.3680119514465332]], "outputscale": 2.5633351802825928, "noise": 0.000100202567409724, "test_rmse": 1.270101547241211, "train_time": 15.061941146850586}
{"model": "gapxGP", "rank": 2, "world_size": 4, "total_dataset_size": 2500, "local_dataset_size": 625, "input_dim": 2, "lengthscale": [[0.6109254360198975, 0.3807922899723053]], "outputscale": 1.2157119512557983, "noise": 0.015563759952783585, "test_rmse": 0.08440305292606354, "train_time": 1.5576262474060059}
{"model": "gapxGP", "rank": 3, "world_size": 4, "total_dataset_size": 2500, "local_dataset_size": 625, "input_dim": 2, "lengthscale": [[0.6184465885162354, 0.37279176712036133]], "outputscale": 1.215669870376587, "noise": 0.015581497922539711, "test_rmse": 0.06553718447685242, "train_time": 1.5586159229278564}
{"model": "gapxGP", "rank": 1, "world_size": 4, "total_dataset_size": 2500, "local_dataset_size": 625, "input_dim": 2, "lengthscale": [[0.6163055896759033, 0.3769502639770508]], "outputscale": 1.2168900966644287, "noise": 0.015551398508250713, "test_rmse": 0.09526785463094711, "train_time": 1.5569911003112793}
{"model": "gapxGP", "rank": 0, "world_size": 4, "total_dataset_size": 2500, "local_dataset_size": 625, "input_dim": 2, "lengthscale": [[0.6215341091156006, 0.38234031200408936]], "outputscale": 1.214221477508545, "noise": 0.015593377873301506, "test_rmse": 0.09430962800979614, "train_time": 1.5607409477233887}
{"model": "gapxGP", "rank": 1, "world_size": 4, "total_dataset_size": 2500, "local_dataset_size": 625, "input_dim": 2, "lengthscale": [[0.6163055896759033, 0.3769502639770508]], "outputscale": 1.2168900966644287, "noise": 0.015551398508250713, "test_rmse": 0.09526785463094711, "train_time": 1.6386466026306152}
{"model": "gapxGP", "rank": 2, "world_size": 4, "total_dataset_size": 2500, "local_dataset_size": 625, "input_dim": 2, "lengthscale": [[0.6109254360198975, 0.3807922899723053]], "outputscale": 1.2157119512557983, "noise": 0.015563759952783585,