{"model": "fullGP", "rank": 0, "world_size": 1, "total_dataset_size": 4655, "local_dataset_size": 4655, "input_dim": 2, "lengthscale": [[0.7758139967918396, 0.4345352351665497]], "outputscale": 2.0112497806549072, "noise": 0.019505152478814125, "test_rmse": 0.03898463770747185, "train_time": 150.59493231773376}
{"model": "fullGP", "rank": 0, "world_size": 1, "total_dataset_size": 4655, "local_dataset_size": 4655, "input_dim": 2, "lengthscale": [[0.7761194109916687, 0.4336336851119995]], "outputscale": 2.012849807739258, "noise": 0.01950966753065586, "test_rmse": 0.03872352093458176, "train_time": 161.1455798149109}
{"model": "fullGP", "rank": 0, "world_size": 1, "total_dataset_size": 4655, "local_dataset_size": 4655, "input_dim": 2, "lengthscale": [[0.7778753042221069, 0.4336313307285309]], "outputscale": 2.0114307403564453, "noise": 0.019508320838212967, "test_rmse": 0.03814663738012314, "train_time": 163.36905455589294}
{"model": "fullGP", "rank": 0, "world_size": 1, "total_dataset_size": 4655, "local_dataset_size": 4655, "input_dim": 2, "lengthscale": [[0.7776690721511841, 0.4325709342956543]], "outputscale": 2.014535903930664, "noise": 0.019505392760038376, "test_rmse": 0.03964347019791603, "train_time": 165.07273149490356}
{"model": "fullGP", "rank": 0, "world_size": 1, "total_dataset_size": 4655, "local_dataset_size": 4655, "input_dim": 2, "lengthscale": [[0.7791957855224609, 0.43489161133766174]], "outputscale": 2.0138185024261475, "noise": 0.019509151577949524, "test_rmse": 0.03774318844079971, "train_time": 178.62000727653503}
{"model": "fullGP", "rank": 0, "world_size": 1, "total_dataset_size": 4655, "local_dataset_size": 4655, "input_dim": 2, "lengthscale": [[0.7775403261184692, 0.43425989151000977]], "outputscale": 2.01462984085083, "noise": 0.01950537972152233, "test_rmse": 0.037707213312387466, "train_time": 158.51791405677795}
{"model": "fullGP", "rank": 0, "world_size": 1, "total_dataset_size": 4655, "local_dataset_size": 4655, "input_dim": 2, "lengthscale": [[0.7788256406784058, 0.4358413517475128]], "outputscale": 2.0136373043060303, "noise": 0.01950884610414505, "test_rmse": 0.036896880716085434, "train_time": 164.05272006988525}
{"model": "fullGP", "rank": 0, "world_size": 1, "total_dataset_size": 4655, "local_dataset_size": 4655, "input_dim": 2, "lengthscale": [[0.7769014835357666, 0.4359140694141388]], "outputscale": 2.011371612548828, "noise": 0.01950891502201557, "test_rmse": 0.037842437624931335, "train_time": 154.71229910850525}
{"model": "fullGP", "rank": 0, "world_size": 1, "total_dataset_size": 4655, "local_dataset_size": 4655, "input_dim": 2, "lengthscale": [[0.7746020555496216, 0.4351004362106323]], "outputscale": 2.0135998725891113, "noise": 0.0195098128169775, "test_rmse": 0.039999619126319885, "train_time": 167.7739405632019}
{"model": "fullGP", "rank": 0, "world_size": 1, "total_dataset_size": 4655, "local_dataset_size": 4655, "input_dim": 2, "lengthscale": [[0.7783429622650146, 0.43391257524490356]], "outputscale": 2.012213706970215, "noise": 0.019508445635437965, "test_rmse": 0.03712323680520058, "train_time": 158.60713148117065}
