{"model": "dec_gapxGP", "rank": 2, "world_size": 16, "total_dataset_size": 30000, "local_dataset_size": 1764, "input_dim": 2, "lengthscale": [[0.6731852889060974, 0.6464594006538391]], "outputscale": 0.6986079812049866, "noise": 0.13231338560581207, "test_rmse": 0.25476354360580444, "test_nrmse": 0.0663508907817621, "test_nlpd": 0.15836861729621887, "train_time": 10.907361268997192, "dataset": 7}
{"model": "dec_gapxGP", "rank": 7, "world_size": 16, "total_dataset_size": 30000, "local_dataset_size": 1803, "input_dim": 2, "lengthscale": [[0.6708095669746399, 0.6466888785362244]], "outputscale": 0.6985976696014404, "noise": 0.13327810168266296, "test_rmse": 0.25424253940582275, "test_nrmse": 0.06621519988862822, "test_nlpd": 0.15955229103565216, "train_time": 10.999499320983887, "dataset": 7}
{"model": "dec_gapxGP", "rank": 8, "world_size": 16, "total_dataset_size": 30000, "local_dataset_size": 1834, "input_dim": 2, "lengthscale": [[0.6701668500900269, 0.6473454833030701]], "outputscale": 0.6985301971435547, "noise": 0.13368313014507294, "test_rmse": 0.25721123814582825, "test_nrmse": 0.06698837097533142, "test_nlpd": 0.16670337319374084, "train_time": 11.284271717071533, "dataset": 7}
{"model": "dec_gapxGP", "rank": 3, "world_size": 16, "total_dataset_size": 30000, "local_dataset_size": 1835, "input_dim": 2, "lengthscale": [[0.6719766855239868, 0.6450561285018921]], "outputscale": 0.6988800168037415, "noise": 0.13265128433704376, "test_rmse": 0.2545235753059387, "test_nrmse": 0.06628839318014249, "test_nlpd": 0.15856093168258667, "train_time": 11.369421243667603, "dataset": 7}
{"model": "dec_gapxGP", "rank": 4, "world_size": 16, "total_dataset_size": 30000, "local_dataset_size": 1946, "input_dim": 2, "lengthscale": [[0.6714332103729248, 0.6430503726005554]], "outputscale": 0.6991803050041199, "noise": 0.13367266952991486, "test_rmse": 0.25106361508369446, "test_nrmse": 0.06538727742564275, "test_nlpd": 0.1550755351781845, "train_time": 10.869366645812988, "dataset": 7}
{"model": "dec_gapxGP", "rank": 13, "world_size": 16, "total_dataset_size": 30000, "local_dataset_size": 1903, "input_dim": 2, "lengthscale": [[0.6709581613540649, 0.6480278968811035]], "outputscale": 0.6984226107597351, "noise": 0.13465744256973267, "test_rmse": 0.25859150290489197, "test_nrmse": 0.06734784861087671, "test_nlpd": 0.171083003282547, "train_time": 10.930857181549072, "dataset": 7}
{"model": "dec_gapxGP", "rank": 0, "world_size": 16, "total_dataset_size": 30000, "local_dataset_size": 1916, "input_dim": 2, "lengthscale": [[0.6732180118560791, 0.6477823257446289]], "outputscale": 0.6983160376548767, "noise": 0.1326884627342224, "test_rmse": 0.2527075707912445, "test_nrmse": 0.06581543101488033, "test_nlpd": 0.1555960327386856, "train_time": 11.225916862487793, "dataset": 7}
{"model": "dec_gapxGP", "rank": 9, "world_size": 16, "total_dataset_size": 30000, "local_dataset_size": 1955, "input_dim": 2, "lengthscale": [[0.6694040298461914, 0.6477506160736084]], "outputscale": 0.6985300779342651, "noise": 0.13410684466362, "test_rmse": 0.2550143003463745, "test_nrmse": 0.06641619813645999, "test_nlpd": 0.16308730840682983, "train_time": 11.048426628112793, "dataset": 7}
{"model": "dec_gapxGP", "rank": 1, "world_size": 16, "total_dataset_size": 30000, "local_dataset_size": 1984, "input_dim": 2, "lengthscale": [[0.6736166477203369, 0.6467387676239014]], "outputscale": 0.6984354257583618, "noise": 0.13252654671669006, "test_rmse": 0.2603960931301117, "test_nrmse": 0.06781783802633505, "test_nlpd": 0.16980360448360443, "train_time": 11.395925521850586, "dataset": 7}
{"model": "dec_gapxGP", "rank": 6, "world_size": 16, "total_dataset_size": 30000, "local_dataset_size": 1807, "input_dim": 2, "lengthscale": [[0.6707645058631897, 0.6457739472389221]], "outputscale": 0.6988153457641602, "noise": 0.13346044719219208, "test_rmse": 0.25869834423065186, "test_nrmse": 0.06737567448045026, "test_nlpd": 0.16862492263317108, "train_time": 11.172099113464355, "dataset": 7}
{"model": "dec_gapxGP", "rank": 15, "world_size": 16, "total_dataset_size": 30000, "local_dataset_size": 1855, "input_dim": 2, "lengthscale": [[0.6723433136940002, 0.6479018926620483]], "outputscale": 0.6983196139335632, "noise": 0.13311536610126495, "test_rmse": 0.25670498609542847, "test_nrmse": 0.06685652214787088, "test_nlpd": 0.16421064734458923, "train_time": 10.866479396820068, "dataset": 7}
{"model": "dec_gapxGP", "rank": 10, "world_size": 16, "total_dataset_size": 30000, "local_dataset_size": 1895, "input_dim": 2, "lengthscale": [[0.6677842140197754, 0.6467644572257996]], "outputscale": 0.6986932754516602, "noise": 0.1346537172794342, "test_rmse": 0.2613387405872345, "test_nrmse": 0.06806334214198685, "test_nlpd": 0.17627722024917603, "train_time": 11.186769485473633, "dataset": 7}
{"model": "dec_gapxGP", "rank": 5, "world_size": 16, "total_dataset_size": 30000, "local_dataset_size": 1899, "input_dim": 2, "lengthscale": [[0.6707907915115356, 0.6433308124542236]], "outputscale": 0.699057400226593, "noise": 0.13397075235843658, "test_rmse": 0.2707018256187439, "test_nrmse": 0.07050187405873272, "test_nlpd": 0.19321271777153015, "train_time": 11.394643306732178, "dataset": 7}
{"model": "dec_gapxGP", "rank": 12, "world_size": 16, "total_dataset_size": 30000, "local_dataset_size": 1844, "input_dim": 2, "lengthscale": [[0.6700907945632935, 0.648109495639801]], "outputscale": 0.6984525322914124, "noise": 0.13481371104717255, "test_rmse": 0.2538571357727051, "test_nrmse": 0.06611482495269369, "test_nlpd": 0.16252657771110535, "train_time": 10.99489974975586, "dataset": 7}
{"model": "dec_gapxGP", "rank": 11, "world_size": 16, "total_dataset_size": 30000, "local_dataset_size": 1888, "input_dim": 2, "lengthscale": [[0.669421911239624, 0.6469172239303589]], "outputscale": 0.6985771656036377, "noise": 0.134867325425148, "test_rmse": 0.253627210855484, "test_nrmse": 0.06605494306043148, "test_nlpd": 0.16190685331821442, "train_time": 11.373166799545288, "dataset": 7}
{"model": "dec_gapxGP", "rank": 14, "world_size": 16, "total_dataset_size": 30000, "local_dataset_size": 1872, "input_dim": 2, "lengthscale": [[0.6716602444648743, 0.6466062068939209]], "outputscale": 0.6984599828720093, "noise": 0.13398243486881256, "test_rmse": 0.2576015591621399, "test_nrmse": 0.06709002659982373, "test_nlpd": 0.16786397993564606, "train_time": 11.197831869125366, "dataset": 7}
{"model": "dec_gapxGP", "rank": 3, "world_size": 16, "total_dataset_size": 30000, "local_dataset_size": 1835, "input_dim": 2, "lengthscale": [[0.6648672819137573, 0.6459581255912781]], "outputscale": 0.6996540427207947, "noise": 0.13335511088371277, "test_rmse": 0.2566696107387543, "test_nrmse": 0.0668473089520037, "test_nlpd": 0.16364118456840515, "train_time": 11.167483568191528, "dataset": 7}
{"model": "dec_gapxGP", "rank": 15, "world_size": 16, "total_dataset_size": 30000, "local_dataset_size": 1855, "input_dim": 2, "lengthscale": [[0.6661562323570251, 0.6482009887695312]], "outputscale": 0.6991079449653625, "noise": 0.13376812636852264, "test_rmse": 0.25882089138031006, "test_nrmse": 0.06740759079165988, "test_nlpd": 0.16928133368492126, "train_time": 10.779651641845703, "dataset": 7}
{"model": "dec_gapxGP", "rank": 7, "world_size": 16, "total_dataset_size": 30000, "local_dataset_size": 1803, "input_dim": 2, "lengthscale": [[0.6636903285980225, 0.6465932726860046]], "outputscale": 0.6994937658309937, "noise": 0.13389642536640167, "test_rmse": 0.25560474395751953, "test_nrmse": 0.06656997390437948, "test_nlpd": 0.1630929857492447, "train_time": 11.024551391601562, "dataset": 7}
{"model": "dec_gapxGP", "rank": 2, "world_size": 16, "total_dataset_size": 30000, "local_dataset_size": 1764, "input_dim": 2, "lengthscale": [[0.6653559803962708, 0.6470311284065247]], "outputscale": 0.6994762420654297, "noise": 0.13298387825489044, "test_rmse": 0.2556507885456085, "test_nrmse": 0.0665819658063296, "test_nlpd": 0.16102351248264313, "train_time": 10.853273630142212,