{"model": "pxpGP", "rank": 2, "world_size": 4, "total_dataset_size": 1500, "local_dataset_size": 375, "input_dim": 1, "lengthscale": [[0.13521075248718262]], "outputscale": 2.408724784851074, "noise": 0.03715689480304718, "test_rmse": 0.3099723160266876, "train_time": 101.99444246292114}
{"model": "pxpGP", "rank": 3, "world_size": 4, "total_dataset_size": 1500, "local_dataset_size": 375, "input_dim": 1, "lengthscale": [[0.13490177690982819]], "outputscale": 2.409282684326172, "noise": 0.03706908971071243, "test_rmse": 0.20181936025619507, "train_time": 102.00510382652283}
{"model": "pxpGP", "rank": 0, "world_size": 4, "total_dataset_size": 1500, "local_dataset_size": 375, "input_dim": 1, "lengthscale": [[0.13502395153045654]], "outputscale": 2.403761148452759, "noise": 0.03708972781896591, "test_rmse": 0.31848669052124023, "train_time": 102.04131293296814}
{"model": "pxpGP", "rank": 1, "world_size": 4, "total_dataset_size": 1500, "local_dataset_size": 375, "input_dim": 1, "lengthscale": [[0.13460791110992432]], "outputscale": 2.4078633785247803, "noise": 0.03671455383300781, "test_rmse": 0.30417773127555847, "train_time": 102.04956579208374}
{"model": "pxpGP", "rank": 0, "world_size": 4, "total_dataset_size": 1500, "local_dataset_size": 375, "input_dim": 1, "lengthscale": [[0.13813388347625732]], "outputscale": 3.6321191787719727, "noise": 0.033719711005687714, "test_rmse": 0.18962648510932922, "train_time": 250.2553472518921}
{"model": "pxpGP", "rank": 2, "world_size": 4, "total_dataset_size": 1500, "local_dataset_size": 375, "input_dim": 1, "lengthscale": [[0.13771149516105652]], "outputscale": 3.6303510665893555, "noise": 0.033727146685123444, "test_rmse": 0.20565307140350342, "train_time": 242.75077652931213}
{"model": "pxpGP", "rank": 3, "world_size": 4, "total_dataset_size": 1500, "local_dataset_size": 375, "input_dim": 1, "lengthscale": [[0.13802595436573029]], "outputscale": 3.630678415298462, "noise": 0.03372199833393097, "test_rmse": 0.19045543670654297, "train_time": 242.73898696899414}
{"model": "pxpGP", "rank": 1, "world_size": 4, "total_dataset_size": 1500, "local_dataset_size": 375, "input_dim": 1, "lengthscale": [[0.13816915452480316]], "outputscale": 3.6281917095184326, "noise": 0.03366626426577568, "test_rmse": 0.2143966406583786, "train_time": 248.18958473205566}
{"model": "pxpGP", "rank": 0, "world_size": 4, "total_dataset_size": 1500, "local_dataset_size": 375, "input_dim": 1, "lengthscale": [[0.13496805727481842]], "outputscale": 3.5566203594207764, "noise": 0.03214540705084801, "test_rmse": 0.22293542325496674, "train_time": 236.6707010269165}
{"model": "pxpGP", "rank": 3, "world_size": 4, "total_dataset_size": 1500, "local_dataset_size": 375, "input_dim": 1, "lengthscale": [[0.13480868935585022]], "outputscale": 3.55802059173584, "noise": 0.03218844532966614, "test_rmse": 0.19520273804664612, "train_time": 236.68390893936157}
{"model": "pxpGP", "rank": 2, "world_size": 4, "total_dataset_size": 1500, "local_dataset_size": 375, "input_dim": 1, "lengthscale": [[0.1348341852426529]], "outputscale": 3.5542733669281006, "noise": 0.0320991612970829, "test_rmse": 0.18420755863189697, "train_time": 236.67438006401062}
{"model": "pxpGP", "rank": 1, "world_size": 4, "total_dataset_size": 1500, "local_dataset_size": 375, "input_dim": 1, "lengthscale": [[0.1349467635154724]], "outputscale": 3.5544118881225586, "noise": 0.03213796392083168, "test_rmse": 0.22567424178123474, "train_time": 236.66530561447144}
{"model": "pxpGP", "rank": 1, "world_size": 4, "total_dataset_size": 1500, "local_dataset_size": 375, "input_dim": 1, "lengthscale": [[0.11894164979457855]], "outputscale": 3.5341873168945312, "noise": 0.04452935606241226, "test_rmse": 0.2496444284915924, "train_time": 249.3338851928711}
{"model": "pxpGP", "rank": 0, "world_size": 4, "total_dataset_size": 1500, "local_dataset_size": 375, "input_dim": 1, "lengthscale": [[0.1188771203160286]], "outputscale": 3.5354487895965576, "noise": 0.0445435531437397, "test_rmse": 0.25031906366348267, "train_time": 249.3534390926361}
{"model": "pxpGP", "rank": 2, "world_size": 4, "total_dataset_size": 1500, "local_dataset_size": 375, "input_dim": 1, "lengthscale": [[0.11910814791917801]], "outputscale": 3.535397529602051, "noise": 0.04460354894399643, "test_rmse": 0.20553965866565704, "train_time": 249.3565239906311}
{"model": "pxpGP", "rank": 3, "world_size": 4, "total_dataset_size": 1500, "local_dataset_size": 375, "input_dim": 1, "lengthscale": [[0.11875458061695099]], "outputscale": 3.535637855529785, "noise": 0.04453176259994507, "test_rmse": 0.26154619455337524, "train_time": 249.36948037147522}
