{
    "rank": 1,
    "input_dim": 3,
    "method": "apxGP",
    "lengthscale": [
        [
            0.8274891972541809,
            0.3048386573791504,
            0.17072302103042603
        ]
    ],
    "outputscale": 0.7520971894264221,
    "noise": 0.03247898817062378
}