{
    "rank": 2,
    "input_dim": 2,
    "method": "apxGP",
    "lengthscale": [
        [
            0.31550610065460205,
            0.28976908326148987
        ]
    ],
    "outputscale": 1.6869616508483887,
    "noise": 0.01628020405769348
}