{
    "rank": 1,
    "input_dim": 2,
    "method": "apxGP",
    "lengthscale": [
        [
            0.3155277967453003,
            0.2897643446922302
        ]
    ],
    "outputscale": 1.6869573593139648,
    "noise": 0.01628025807440281
}