{
    "rank": 0,
    "input_dim": 2,
    "method": "apxGP",
    "lengthscale": [
        [
            0.31550949811935425,
            0.2897551953792572
        ]
    ],
    "outputscale": 1.686924695968628,
    "noise": 0.0162811316549778
}