{
    "rank": 3,
    "input_dim": 2,
    "method": "apxGP",
    "lengthscale": [
        [
            0.3154938817024231,
            0.28971800208091736
        ]
    ],
    "outputscale": 1.686971664428711,
    "noise": 0.0162804052233696
}