{
    "rank": 0,
    "input_dim": 3,
    "method": "apxGP",
    "lengthscale": [
        [
            0.8274855613708496,
            0.3048388957977295,
            0.1707233339548111
        ]
    ],
    "outputscale": 0.7520996332168579,
    "noise": 0.03247884288430214
}