{
    "rank": 0,
    "input_dim": 1,
    "method": "apxGP",
    "lengthscale": [
        [
            0.14629563689231873
        ]
    ],
    "outputscale": 3.0281498432159424,
    "noise": 0.040706511586904526
}