{
    "rank": 1,
    "input_dim": 1,
    "method": "apxGP",
    "lengthscale": [
        [
            0.1462990790605545
        ]
    ],
    "outputscale": 3.0281484127044678,
    "noise": 0.04070635139942169
}