{
    "rank": 4,
    "input_dim": 1,
    "method": "cGP",
    "lengthscale": [
        [
            0.04139065369963646
        ]
    ],
    "outputscale": 2.6915762424468994,
    "noise": 0.03762218356132507
}