{
    "rank": 0,
    "input_dim": 2,
    "method": "cGP",
    "lengthscale": [
        [
            1.5405383110046387,
            1.2039480209350586
        ]
    ],
    "outputscale": 4.718353271484375,
    "noise": 0.07988347113132477
}