{
    "rank": 1,
    "input_dim": 1,
    "method": "cGP",
    "lengthscale": [
        [
            0.13513395190238953
        ]
    ],
    "outputscale": 2.3178327083587646,
    "noise": 0.044458355754613876
}