{
    "rank": 1,
    "input_dim": 3,
    "method": "cGP",
    "lengthscale": [
        [
            1.258012294769287,
            0.287477046251297,
            0.16544659435749054
        ]
    ],
    "outputscale": 0.7125825881958008,
    "noise": 0.045222923159599304
}