{
    "rank": 2,
    "input_dim": 1,
    "method": "cGP",
    "lengthscale": [
        [
            0.07654637098312378
        ]
    ],
    "outputscale": 0.2677558362483978,
    "noise": 0.0424051359295845
}