{
    "rank": 2,
    "input_dim": 1,
    "method": "cGP",
    "lengthscale": [
        [
            0.3132975399494171
        ]
    ],
    "outputscale": 0.32537007331848145,
    "noise": 0.313448965549469
}