{
    "rank": 2,
    "input_dim": 2,
    "method": "cGP",
    "lengthscale": [
        [
            0.33475056290626526,
            0.31362539529800415
        ]
    ],
    "outputscale": 0.4403862953186035,
    "noise": 0.3134019374847412
}