{
    "rank": 1,
    "input_dim": 1,
    "method": "cGP",
    "lengthscale": [
        [
            0.2019631564617157
        ]
    ],
    "outputscale": 1.9484436511993408,
    "noise": 0.041247300803661346
}