{
    "rank": 0,
    "input_dim": 1,
    "method": "cGP",
    "lengthscale": [
        [
            0.7209526896476746
        ]
    ],
    "outputscale": 1.9261384010314941,
    "noise": 0.04389572888612747
}