{
    "rank": 0,
    "input_dim": 1,
    "method": "cGP",
    "lengthscale": [
        [
            0.1351197212934494
        ]
    ],
    "outputscale": 2.317862033843994,
    "noise": 0.044457580894231796
}