{
    "rank": 1,
    "input_dim": 2,
    "method": "cGP",
    "lengthscale": [
        [
            1.5429803133010864,
            1.2262418270111084
        ]
    ],
    "outputscale": 4.707444667816162,
    "noise": 0.08255855739116669
}