{
    "rank": 3,
    "input_dim": 1,
    "method": "cGP",
    "lengthscale": [
        [
            0.10353285074234009
        ]
    ],
    "outputscale": 2.695817470550537,
    "noise": 0.047089360654354095
}