{
    "rank": 2,
    "input_dim": 3,
    "method": "cGP",
    "lengthscale": [
        [
            1.0911777019500732,
            0.3122888207435608,
            0.17411234974861145
        ]
    ],
    "outputscale": 0.983484148979187,
    "noise": 0.04174695163965225
}