{
    "rank": 0,
    "input_dim": 3,
    "method": "cGP",
    "lengthscale": [
        [
            1.326094150543213,
            0.32892823219299316,
            0.18975891172885895
        ]
    ],
    "outputscale": 0.8977310657501221,
    "noise": 0.03629454970359802
}