{
    "rank": 0,
    "input_dim": 3,
    "method": "fullGP",
    "lengthscale": [
        [
            1.8147366046905518,
            0.34985578060150146,
            0.19620519876480103
        ]
    ],
    "outputscale": 2.1452229022979736,
    "noise": 0.0436556302011013
}