{
    "rank": 0,
    "input_dim": 2,
    "method": "pxpGP",
    "lengthscale": [
        [
            0.7427079677581787,
            0.4756672978401184
        ]
    ],
    "outputscale": 1.4126219749450684,
    "noise": 0.16063787043094635
}