{
    "rank": 7,
    "input_dim": 2,
    "method": "pxpGP",
    "lengthscale": [
        [
            0.5895448327064514,
            0.45594245195388794
        ]
    ],
    "outputscale": 1.7441353797912598,
    "noise": 0.2061556726694107
}