{
    "rank": 8,
    "input_dim": 2,
    "method": "pxpGP",
    "lengthscale": [
        [
            0.589544951915741,
            0.4559422731399536
        ]
    ],
    "outputscale": 1.7441356182098389,
    "noise": 0.20615556836128235
}