{
    "rank": 1,
    "input_dim": 2,
    "method": "pxpGP",
    "lengthscale": [
        [
            0.5895450711250305,
            0.45594173669815063
        ]
    ],
    "outputscale": 1.7441356182098389,
    "noise": 0.20615550875663757
}