{
    "rank": 2,
    "input_dim": 2,
    "method": "pxpGP",
    "lengthscale": [
        [
            0.7427193522453308,
            0.4754381775856018
        ]
    ],
    "outputscale": 1.4126758575439453,
    "noise": 0.16056697070598602
}