{
    "rank": 5,
    "input_dim": 2,
    "method": "pxpGP",
    "lengthscale": [
        [
            0.5895450115203857,
            0.45594221353530884
        ]
    ],
    "outputscale": 1.7441353797912598,
    "noise": 0.20615561306476593
}