{
    "rank": 3,
    "input_dim": 2,
    "method": "pxpGP",
    "lengthscale": [
        [
            0.5895441174507141,
            0.4559418857097626
        ]
    ],
    "outputscale": 1.7441349029541016,
    "noise": 0.20615535974502563
}