{
    "rank": 1,
    "input_dim": 1,
    "method": "pxpGP",
    "lengthscale": [
        [
            0.14448662102222443
        ]
    ],
    "outputscale": 3.3050544261932373,
    "noise": 0.033830080181360245
}