{
    "rank": 3,
    "input_dim": 2,
    "method": "pxpGP",
    "lengthscale": [
        [
            0.7429488301277161,
            0.4753469228744507
        ]
    ],
    "outputscale": 1.4125924110412598,
    "noise": 0.16063804924488068
}