{
    "rank": 6,
    "input_dim": 2,
    "method": "pxpGP",
    "lengthscale": [
        [
            0.5895447731018066,
            0.45594272017478943
        ]
    ],
    "outputscale": 1.7441351413726807,
    "noise": 0.2061554491519928
}