{
    "rank": 4,
    "input_dim": 2,
    "method": "pxpGP",
    "lengthscale": [
        [
            0.5895446538925171,
            0.45594292879104614
        ]
    ],
    "outputscale": 1.744135856628418,
    "noise": 0.20615547895431519
}