{
    "rank": 0,
    "input_dim": 1,
    "method": "pxpGP",
    "lengthscale": [
        [
            0.1444878876209259
        ]
    ],
    "outputscale": 3.3050520420074463,
    "noise": 0.033830415457487106
}