{
    "rank": 2,
    "input_dim": 1,
    "method": "pxpGP",
    "lengthscale": [
        [
            0.14448760449886322
        ]
    ],
    "outputscale": 3.305056095123291,
    "noise": 0.03383009880781174
}