{
    "rank": 1,
    "input_dim": 2,
    "method": "pxpGP",
    "lengthscale": [
        [
            0.742638349533081,
            0.47558730840682983
        ]
    ],
    "outputscale": 1.4126577377319336,
    "noise": 0.16059640049934387
}