{"model": "fullGP", "rank": 0, "world_size": 1, "total_dataset_size": 9500, "local_dataset_size": 9500, "input_dim": 1, "lengthscale": [[0.16476784646511078]], "outputscale": 2.4900197982788086, "noise": 0.03962897136807442, "test_rmse": 0.19388675689697266, "train_time": 25.232402801513672}
{"model": "fullGP", "rank": 0, "world_size": 1, "total_dataset_size": 9500, "local_dataset_size": 9500, "input_dim": 1, "lengthscale": [[0.1640811413526535]], "outputscale": 2.488095283508301, "noise": 0.04130354896187782, "test_rmse": 0.19737447798252106, "train_time": 25.32555055618286}
{"model": "fullGP", "rank": 0, "world_size": 1, "total_dataset_size": 9500, "local_dataset_size": 9500, "input_dim": 1, "lengthscale": [[0.16551578044891357]], "outputscale": 2.4896469116210938, "noise": 0.03868158906698227, "test_rmse": 0.18983319401741028, "train_time": 25.758055210113525}
{"model": "fullGP", "rank": 0, "world_size": 1, "total_dataset_size": 9500, "local_dataset_size": 9500, "input_dim": 1, "lengthscale": [[0.163508340716362]], "outputscale": 2.4916417598724365, "noise": 0.039914362132549286, "test_rmse": 0.20090919733047485, "train_time": 26.513808488845825}
{"model": "fullGP", "rank": 0, "world_size": 1, "total_dataset_size": 9500, "local_dataset_size": 9500, "input_dim": 1, "lengthscale": [[0.1647564321756363]], "outputscale": 2.484248161315918, "noise": 0.040362175554037094, "test_rmse": 0.20855626463890076, "train_time": 24.97412633895874}
{"model": "fullGP", "rank": 0, "world_size": 1, "total_dataset_size": 9500, "local_dataset_size": 9500, "input_dim": 1, "lengthscale": [[0.16609787940979004]], "outputscale": 2.485447883605957, "noise": 0.04134052246809006, "test_rmse": 0.1972205489873886, "train_time": 25.191702842712402}
{"model": "fullGP", "rank": 0, "world_size": 1, "total_dataset_size": 9500, "local_dataset_size": 9500, "input_dim": 1, "lengthscale": [[0.1645132601261139]], "outputscale": 2.4935030937194824, "noise": 0.0392853245139122, "test_rmse": 0.19790706038475037, "train_time": 25.86844253540039}
{"model": "fullGP", "rank": 0, "world_size": 1, "total_dataset_size": 9500, "local_dataset_size": 9500, "input_dim": 1, "lengthscale": [[0.16546829044818878]], "outputscale": 2.482090711593628, "noise": 0.03888394683599472, "test_rmse": 0.20230503380298615, "train_time": 24.99141764640808}
{"model": "fullGP", "rank": 0, "world_size": 1, "total_dataset_size": 9500, "local_dataset_size": 9500, "input_dim": 1, "lengthscale": [[0.16473858058452606]], "outputscale": 2.485661506652832, "noise": 0.040325894951820374, "test_rmse": 0.20429816842079163, "train_time": 25.48119568824768}
{"model": "fullGP", "rank": 0, "world_size": 1, "total_dataset_size": 9500, "local_dataset_size": 9500, "input_dim": 1, "lengthscale": [[0.16444028913974762]], "outputscale": 2.4859423637390137, "noise": 0.04019021615386009, "test_rmse": 0.19068455696105957, "train_time": 25.70003080368042}
{"model": "fullGP", "rank": 0, "world_size": 1, "total_dataset_size": 9500, "local_dataset_size": 9500, "input_dim": 1, "lengthscale": [[0.16372457146644592]], "outputscale": 2.4948365688323975, "noise": 0.03999821096658707, "test_rmse": 0.19351017475128174, "train_time": 25.727314949035645}
{"model": "pxpGP", "rank": 0, "world_size": 4, "total_dataset_size": 10000, "local_dataset_size": 2500, "input_dim": 1, "lengthscale": [[0.10954941809177399]], "outputscale": 2.6856679916381836, "noise": 0.030349617823958397, "test_rmse": 0.20028862357139587, "train_time": 116.1354444026947}
{"model": "pxpGP", "rank": 2, "world_size": 4, "total_dataset_size": 10000, "local_dataset_size": 2500, "input_dim": 1, "lengthscale": [[0.109493687748909]], "outputscale": 2.685678720474243, "noise": 0.030349072068929672, "test_rmse": 0.20994438230991364, "train_time": 116.15547704696655}
{"model": "pxpGP", "rank": 1, "world_size": 4, "total_dataset_size": 10000, "local_dataset_size": 2500, "input_dim": 1, "lengthscale": [[0.1095011904835701]], "outputscale": 2.6856768131256104, "noise": 0.03034905716776848, "test_rmse": 0.19020919501781464, "train_time": 116.1550440788269}
{"model": "pxpGP", "rank": 3, "world_size": 4, "total_dataset_size": 10000, "local_dataset_size": 2500, "input_dim": 1, "lengthscale": [[0.10961209982633591]], "outputscale": 2.685650587081909, "noise": 0.030351698398590088, "test_rmse": 0.20665717124938965, "train_time": 116.15531468391418}
{"model": "pxpGP", "rank": 0, "world_size": 16, "total_dataset_size": 10000, "local_dataset_size": 625, "input_dim": 1, "lengthscale": [[0.14150194823741913]], "outputscale": 3.573421001434326, "noise": 0.02779262140393257, "test_rmse": 0.21236185729503632, "train_time": 238.73360300064087}
{"model": "pxpGP", "rank": 1, "world_size": 16, "total_dataset_size": 10000, "local_dataset_size": 625, "input_dim": 1, "lengthscale": [[0.14150412380695343]], "outputscale": 3.573420763015747, "noise": 0.027792740613222122, "test_rmse": 0.2024356871843338, "train_time": 239.2516212463379}
{"model": "pxpGP", "rank": 14, "world_size": 16, "total_dataset_size": 10000, "local_dataset_size": 625, "input_dim": 1, "lengthscale": [[0.14149051904678345]], "outputscale": 3.57342267036438, "noise": 0.027792491018772125, "test_rmse": 0.20566466450691223, "train_time": 239.3028473854065}
{"model": "pxpGP", "rank": 2, "world_size": 16, "total_dataset_size": 10000, "local_dataset_size": 625, "input_dim": 1, "lengthscale": [[0.1414986550807953]], "outputscale": 3.573423385620117, "noise": 0.02779245376586914, "test_rmse": 0.1919243484735489, "train_time": 238.85292148590088}
{"model": "pxpGP", "rank": 3, "world_size": 16, "total_dataset_size": 10000, "local_dataset_size": 625, "input_dim": 1, "lengthscale": [[0.14149817824363708]], "outputscale": 3.573422431945801, "noise": 0.027792206034064293, "test_rmse": 0.20717011392116547, "train_time": 238.7634346485138}
{"model": "pxpGP", "rank": 9, "world_size": 16, "total_dataset_size": 10000, "local_dataset_size": 625, "input_dim": 1, "lengthscale": [[0.14148741960525513]], "outputscale": 3.573421001434326, "noise": 0.027792563661932945, "test_rmse": 0.20311063528060913, "train_time": 239.01940488815308}
{"model": "pxpGP", "rank": 4, "world_size": 16, "total_dataset_size": 10000, "local_dataset_size": 625, "input_dim": 1, "lengthscale": [[0.1414979100227356]], "outputscale": 3.573420763015747, "noise": 0.027792414650321007, "test_rmse": 0.2062118500471115, "train_time": 239.28276252746582}
{"model": "pxpGP", "rank": 5, "world_size": 16, "total_dataset_size": 10000, "local_dataset_size": 625, "input_dim": 1, "lengthscale": [[0.1414845734834671]], "outputscale": 3.5734217166900635, "noise": 0.02779219299554825, "test_rmse": 0.19833938777446747, "train_time": 239.20714378356934}
{"model": "pxpGP", "rank": 6, "world_size": 16, "total_dataset_size": 10000, "local_dataset_size": 625, "input_dim": 1, "lengthscale": [[0.1414915770292282]], "outputscale": 3.5734219551086426, "noise": 0.02779240719974041, "test_rmse": 0.21299780905246735, "train_time": 239.20129680633545}
{"model": "pxpGP", "rank": 7, "world_size": 16, "total_dataset_size": 10000, "local_dataset_size": 625, "input_dim": 1, "lengthscale": [[0.1414995789527893]], "outputscale": 3.573420524597168, "noise": 0.027792764827609062, "test_rmse": 0.19548502564430237, "train_time": 239.3953673839569}
{"model": "pxpGP", "rank": 10, "world_size": 16, "total_dataset_size": 10000, "local_dataset_size": 625, "input_dim": 1, "lengthscale": [[0.14149950444698334]], "outputscale": 3.5734200477600098, "noise": 0.02779296785593033, "test_rmse": 0.20527148246765137, "train_time": 239.4117124080658}
{"model": "pxpGP", "rank": 11, "world_size": 16, "total_dataset_size": 10000, "local_dataset_size": 625, "input_dim": 1, "lengthscale": [[0.1415093094110489]], "outputscale": 3.573421001434326, "noise": 0.02779255621135235, "test_rmse": 0.20055066049098969, "train_time": 238.98711276054382}
{"model": "pxpGP", "rank": 15, "world_size": 16, "total_dataset_size": 10000, "local_dataset_size": 625, "input_dim": 1,