{"model": "pxpGP", "rank": 15, "world_size": 16, "total_dataset_size": 30000, "local_dataset_size": 1855, "input_dim": 2, "lengthscale": [[0.9571474194526672, 0.909558892250061]], "outputscale": 0.9551191329956055, "noise": 0.3003467619419098, "test_rmse": 0.29072755575180054, "test_nrmse": 0.0757173967119245, "test_nlpd": 0.4653337597846985, "train_time": 17.873488664627075, "dataset": 7}
{"model": "pxpGP", "rank": 6, "world_size": 16, "total_dataset_size": 30000, "local_dataset_size": 1807, "input_dim": 2, "lengthscale": [[0.9571291208267212, 0.9096487164497375]], "outputscale": 0.9551275968551636, "noise": 0.30038216710090637, "test_rmse": 0.28649428486824036, "test_nrmse": 0.07461487909865357, "test_nlpd": 0.46221664547920227, "train_time": 18.14106059074402, "dataset": 7}
{"model": "pxpGP", "rank": 7, "world_size": 16, "total_dataset_size": 30000, "local_dataset_size": 1803, "input_dim": 2, "lengthscale": [[0.9572722911834717, 0.909318745136261]], "outputscale": 0.955156683921814, "noise": 0.30030557513237, "test_rmse": 0.2854560315608978, "test_nrmse": 0.07434447529273902, "test_nlpd": 0.4605208933353424, "train_time": 18.344289302825928, "dataset": 7}
{"model": "pxpGP", "rank": 5, "world_size": 16, "total_dataset_size": 30000, "local_dataset_size": 1899, "input_dim": 2, "lengthscale": [[0.9570720195770264, 0.9095152616500854]], "outputscale": 0.9551311135292053, "noise": 0.3005693256855011, "test_rmse": 0.29069721698760986, "test_nrmse": 0.07570949525161044, "test_nlpd": 0.4665178954601288, "train_time": 18.350828409194946, "dataset": 7}
{"model": "pxpGP", "rank": 14, "world_size": 16, "total_dataset_size": 30000, "local_dataset_size": 1872, "input_dim": 2, "lengthscale": [[0.9570300579071045, 0.909277617931366]], "outputscale": 0.9551739692687988, "noise": 0.30050110816955566, "test_rmse": 0.2955018877983093, "test_nrmse": 0.07696082887529528, "test_nlpd": 0.4705562889575958, "train_time": 17.93501615524292, "dataset": 7}
{"model": "pxpGP", "rank": 8, "world_size": 16, "total_dataset_size": 30000, "local_dataset_size": 1834, "input_dim": 2, "lengthscale": [[0.957238495349884, 0.9094710946083069]], "outputscale": 0.955132246017456, "noise": 0.30042585730552673, "test_rmse": 0.2904444932937622, "test_nrmse": 0.07564367562148944, "test_nlpd": 0.4652859568595886, "train_time": 17.976194620132446, "dataset": 7}
{"model": "pxpGP", "rank": 1, "world_size": 16, "total_dataset_size": 30000, "local_dataset_size": 1984, "input_dim": 2, "lengthscale": [[0.9575188159942627, 0.9095726013183594]], "outputscale": 0.9550912380218506, "noise": 0.3004781901836395, "test_rmse": 0.3042580783367157, "test_nrmse": 0.07924130053876471, "test_nlpd": 0.4784736633300781, "train_time": 18.327903985977173, "dataset": 7}
{"model": "pxpGP", "rank": 9, "world_size": 16, "total_dataset_size": 30000, "local_dataset_size": 1955, "input_dim": 2, "lengthscale": [[0.9571447372436523, 0.909497082233429]], "outputscale": 0.9551213383674622, "noise": 0.30042922496795654, "test_rmse": 0.2886524200439453, "test_nrmse": 0.0751769461405418, "test_nlpd": 0.4640807807445526, "train_time": 18.318971157073975, "dataset": 7}
{"model": "pxpGP", "rank": 13, "world_size": 16, "total_dataset_size": 30000, "local_dataset_size": 1903, "input_dim": 2, "lengthscale": [[0.9570420980453491, 0.9096015095710754]], "outputscale": 0.9551129937171936, "noise": 0.3004915118217468, "test_rmse": 0.2875633239746094, "test_nrmse": 0.0748933007911147, "test_nlpd": 0.46302542090415955, "train_time": 17.91725206375122, "dataset": 7}
{"model": "pxpGP", "rank": 0, "world_size": 16, "total_dataset_size": 30000, "local_dataset_size": 1916, "input_dim": 2, "lengthscale": [[0.9570571184158325, 0.9094504117965698]], "outputscale": 0.9551469683647156, "noise": 0.3003785312175751, "test_rmse": 0.2843199372291565, "test_nrmse": 0.07404858966539908, "test_nlpd": 0.4587816596031189, "train_time": 17.95124650001526, "dataset": 7}
{"model": "pxpGP", "rank": 3, "world_size": 16, "total_dataset_size": 30000, "local_dataset_size": 1835, "input_dim": 2, "lengthscale": [[0.9573138952255249, 0.9095688462257385]], "outputscale": 0.9551123380661011, "noise": 0.3003045618534088, "test_rmse": 0.28568220138549805, "test_nrmse": 0.07440337920464801, "test_nlpd": 0.4601125717163086, "train_time": 18.127748250961304, "dataset": 7}
{"model": "pxpGP", "rank": 10, "world_size": 16, "total_dataset_size": 30000, "local_dataset_size": 1895, "input_dim": 2, "lengthscale": [[0.9571094512939453, 0.9094489812850952]], "outputscale": 0.9551471471786499, "noise": 0.30054834485054016, "test_rmse": 0.29347097873687744, "test_nrmse": 0.07643189673918376, "test_nlpd": 0.46888089179992676, "train_time": 18.350886344909668, "dataset": 7}
{"model": "pxpGP", "rank": 11, "world_size": 16, "total_dataset_size": 30000, "local_dataset_size": 1888, "input_dim": 2, "lengthscale": [[0.9571757316589355, 0.9094675779342651]], "outputscale": 0.9551377296447754, "noise": 0.30049237608909607, "test_rmse": 0.28455838561058044, "test_nrmse": 0.0741106914178281, "test_nlpd": 0.4595053791999817, "train_time": 18.350858211517334, "dataset": 7}
{"model": "pxpGP", "rank": 2, "world_size": 16, "total_dataset_size": 30000, "local_dataset_size": 1764, "input_dim": 2, "lengthscale": [[0.9570832252502441, 0.9095830321311951]], "outputscale": 0.9551312923431396, "noise": 0.3003152012825012, "test_rmse": 0.28557485342025757, "test_nrmse": 0.07437542138534425, "test_nlpd": 0.4601838290691376, "train_time": 18.211949825286865, "dataset": 7}
{"model": "pxpGP", "rank": 4, "world_size": 16, "total_dataset_size": 30000, "local_dataset_size": 1946, "input_dim": 2, "lengthscale": [[0.9570893049240112, 0.9094672203063965]], "outputscale": 0.9551317691802979, "noise": 0.30060654878616333, "test_rmse": 0.2838840186595917, "test_nrmse": 0.07393505856518919, "test_nlpd": 0.4593167304992676, "train_time": 17.876810312271118, "dataset": 7}
{"model": "pxpGP", "rank": 12, "world_size": 16, "total_dataset_size": 30000, "local_dataset_size": 1844, "input_dim": 2, "lengthscale": [[0.9568904638290405, 0.9093934297561646]], "outputscale": 0.9551888704299927, "noise": 0.3004308044910431, "test_rmse": 0.29797878861427307, "test_nrmse": 0.07760591558272292, "test_nlpd": 0.47284388542175293, "train_time": 18.112937688827515, "dataset": 7}
{"model": "pxpGP", "rank": 3, "world_size": 16, "total_dataset_size": 30000, "local_dataset_size": 1835, "input_dim": 2, "lengthscale": [[0.9881922006607056, 0.9266701936721802]], "outputscale": 0.9553123712539673, "noise": 0.3580118417739868, "test_rmse": 0.28690966963768005, "test_nrmse": 0.07472306235391613, "test_nlpd": 0.5271660685539246, "train_time": 16.806373357772827, "dataset": 7}
{"model": "pxpGP", "rank": 14, "world_size": 16, "total_dataset_size": 30000, "local_dataset_size": 1872, "input_dim": 2, "lengthscale": [[0.9881625175476074, 0.9263138175010681]], "outputscale": 0.9553367495536804, "noise": 0.35823431611061096, "test_rmse": 0.3037053346633911, "test_nrmse": 0.07909734338312154, "test_nlpd": 0.5420328974723816, "train_time": 17.107638359069824, "dataset": 7}
{"model": "pxpGP", "rank": 9, "world_size": 16, "total_dataset_size": 30000, "local_dataset_size": 1955, "input_dim": 2, "lengthscale": [[0.9883331060409546, 0.92669677734375]], "outputscale": 0.9552786946296692, "noise": 0.35816338658332825, "test_rmse": 0.2899903655052185, "test_nrmse": 0.07552540209274135, "test_nlpd": 0.5309851765632629, "train_time": 16.911722898483276, "dataset": 7}
{"model": "pxpGP", "rank": 6, "world_size": 16, "total_dataset_size": 30000, "local_dataset_size": 1807, "input_dim": 2, "lengthscale": [[0.9882609248161316, 0.926540195941925]], "outputscale": 0.9553103446960449, "noise": 0.35809728503227234, "test_rmse": 0.2871607542037964, "test_nrmse": 0.0747884550878512, "test_nlpd": 0.5288951992988586, "train_time": 16.64944338798523, "dataset": 7}
{"model": "pxpGP", "rank": 11, "world_size": 16, "total_dataset_size": 30000, "local_dataset_size": 1888, "input_dim": 2,