{"model": "pxpGP", "rank": 15, "world_size": 16, "total_dataset_size": 3000, "local_dataset_size": 193, "input_dim": 2, "lengthscale": [[0.5232177376747131, 0.32869091629981995]], "outputscale": 1.8931419849395752, "noise": 0.10392754524946213, "test_rmse": 0.293287068605423, "train_time": 57.34127163887024}
{"model": "pxpGP", "rank": 11, "world_size": 16, "total_dataset_size": 3000, "local_dataset_size": 183, "input_dim": 2, "lengthscale": [[0.5200220346450806, 0.3289733827114105]], "outputscale": 1.8953862190246582, "noise": 0.10320227593183517, "test_rmse": 0.3099881112575531, "train_time": 57.592543840408325}
{"model": "pxpGP", "rank": 7, "world_size": 16, "total_dataset_size": 3000, "local_dataset_size": 175, "input_dim": 2, "lengthscale": [[0.5224192142486572, 0.33066099882125854]], "outputscale": 1.8947652578353882, "noise": 0.10421033203601837, "test_rmse": 0.3176950514316559, "train_time": 57.13380312919617}
{"model": "pxpGP", "rank": 2, "world_size": 16, "total_dataset_size": 3000, "local_dataset_size": 195, "input_dim": 2, "lengthscale": [[0.5207706689834595, 0.32822906970977783]], "outputscale": 1.8909032344818115, "noise": 0.10363507270812988, "test_rmse": 0.3019298315048218, "train_time": 57.19983172416687}
{"model": "pxpGP", "rank": 4, "world_size": 16, "total_dataset_size": 3000, "local_dataset_size": 193, "input_dim": 2, "lengthscale": [[0.5214366316795349, 0.3302416503429413]], "outputscale": 1.8884023427963257, "noise": 0.10360177606344223, "test_rmse": 0.3332122564315796, "train_time": 57.55863976478577}
{"model": "pxpGP", "rank": 14, "world_size": 16, "total_dataset_size": 3000, "local_dataset_size": 188, "input_dim": 2, "lengthscale": [[0.5238068103790283, 0.3307803273200989]], "outputscale": 1.8938120603561401, "noise": 0.10363239794969559, "test_rmse": 0.3318861126899719, "train_time": 57.238818645477295}
{"model": "pxpGP", "rank": 6, "world_size": 16, "total_dataset_size": 3000, "local_dataset_size": 188, "input_dim": 2, "lengthscale": [[0.5239244699478149, 0.3290673792362213]], "outputscale": 1.8916070461273193, "noise": 0.10375668108463287, "test_rmse": 0.39248421788215637, "train_time": 57.5599901676178}
{"model": "pxpGP", "rank": 0, "world_size": 16, "total_dataset_size": 3000, "local_dataset_size": 198, "input_dim": 2, "lengthscale": [[0.5236432552337646, 0.3293236196041107]], "outputscale": 1.8913688659667969, "noise": 0.10377675294876099, "test_rmse": 0.3378751575946808, "train_time": 57.63383221626282}
{"model": "pxpGP", "rank": 5, "world_size": 16, "total_dataset_size": 3000, "local_dataset_size": 183, "input_dim": 2, "lengthscale": [[0.5234183669090271, 0.3279338777065277]], "outputscale": 1.8932163715362549, "noise": 0.10398098826408386, "test_rmse": 0.2878912091255188, "train_time": 57.319000005722046}
{"model": "pxpGP", "rank": 12, "world_size": 16, "total_dataset_size": 3000, "local_dataset_size": 211, "input_dim": 2, "lengthscale": [[0.5223394632339478, 0.3297632932662964]], "outputscale": 1.8914523124694824, "noise": 0.10373144596815109, "test_rmse": 0.38407590985298157, "train_time": 57.14528155326843}
{"model": "pxpGP", "rank": 13, "world_size": 16, "total_dataset_size": 3000, "local_dataset_size": 187, "input_dim": 2, "lengthscale": [[0.5238609910011292, 0.32898932695388794]], "outputscale": 1.894049048423767, "noise": 0.1035333201289177, "test_rmse": 0.30760887265205383, "train_time": 57.62299966812134}
{"model": "pxpGP", "rank": 9, "world_size": 16, "total_dataset_size": 3000, "local_dataset_size": 181, "input_dim": 2, "lengthscale": [[0.5232633948326111, 0.32909300923347473]], "outputscale": 1.8945927619934082, "noise": 0.10404623299837112, "test_rmse": 0.3128080368041992, "train_time": 57.462650299072266}
{"model": "pxpGP", "rank": 1, "world_size": 16, "total_dataset_size": 3000, "local_dataset_size": 214, "input_dim": 2, "lengthscale": [[0.5236392021179199, 0.3288564383983612]], "outputscale": 1.8949013948440552, "noise": 0.1036689355969429, "test_rmse": 0.34457913041114807, "train_time": 57.09905505180359}
{"model": "pxpGP", "rank": 10, "world_size": 16, "total_dataset_size": 3000, "local_dataset_size": 168, "input_dim": 2, "lengthscale": [[0.5243511199951172, 0.3289354145526886]], "outputscale": 1.8906182050704956, "noise": 0.10338474810123444, "test_rmse": 0.30548200011253357, "train_time": 57.22946643829346}
{"model": "pxpGP", "rank": 8, "world_size": 16, "total_dataset_size": 3000, "local_dataset_size": 184, "input_dim": 2, "lengthscale": [[0.522576093673706, 0.33039629459381104]], "outputscale": 1.8925070762634277, "noise": 0.10391195863485336, "test_rmse": 0.3372035026550293, "train_time": 57.27215099334717}
{"model": "pxpGP", "rank": 3, "world_size": 16, "total_dataset_size": 3000, "local_dataset_size": 174, "input_dim": 2, "lengthscale": [[0.5249704122543335, 0.3295200765132904]], "outputscale": 1.8961988687515259, "noise": 0.1040162518620491, "test_rmse": 0.3184213936328888, "train_time": 57.62141561508179}
