{"model": "pxpGP", "rank": 2, "world_size": 4, "total_dataset_size": 1000, "local_dataset_size": 246, "input_dim": 2, "lengthscale": [[0.5844562649726868, 0.4760590195655823]], "outputscale": 2.370757579803467, "noise": 0.6911594867706299, "test_rmse": 0.5756583213806152, "train_time": 15.863627672195435}
{"model": "pxpGP", "rank": 1, "world_size": 4, "total_dataset_size": 1000, "local_dataset_size": 267, "input_dim": 2, "lengthscale": [[0.5887874960899353, 0.47587430477142334]], "outputscale": 2.370604991912842, "noise": 0.6896895170211792, "test_rmse": 0.4842914044857025, "train_time": 15.864342212677002}
{"model": "pxpGP", "rank": 0, "world_size": 4, "total_dataset_size": 1000, "local_dataset_size": 236, "input_dim": 2, "lengthscale": [[0.5939463376998901, 0.4753578007221222]], "outputscale": 2.3693957328796387, "noise": 0.6850333213806152, "test_rmse": 0.4741162657737732, "train_time": 15.864769220352173}
{"model": "pxpGP", "rank": 3, "world_size": 4, "total_dataset_size": 1000, "local_dataset_size": 234, "input_dim": 2, "lengthscale": [[0.5855599641799927, 0.46829459071159363]], "outputscale": 2.3705697059631348, "noise": 0.6864910125732422, "test_rmse": 0.4343162775039673, "train_time": 15.863915205001831}
{"model": "pxpGP", "rank": 3, "world_size": 4, "total_dataset_size": 1000, "local_dataset_size": 225, "input_dim": 2, "lengthscale": [[0.5545305609703064, 0.47561079263687134]], "outputscale": 1.1569113731384277, "noise": 0.6868796348571777, "test_rmse": 0.525017499923706, "train_time": 15.675012826919556}
{"model": "pxpGP", "rank": 1, "world_size": 4, "total_dataset_size": 1000, "local_dataset_size": 251, "input_dim": 2, "lengthscale": [[0.5571178197860718, 0.4831976294517517]], "outputscale": 1.1567747592926025, "noise": 0.6902890205383301, "test_rmse": 0.5580654740333557, "train_time": 15.676488161087036}
{"model": "pxpGP", "rank": 0, "world_size": 4, "total_dataset_size": 1000, "local_dataset_size": 258, "input_dim": 2, "lengthscale": [[0.5624263882637024, 0.48235610127449036]], "outputscale": 1.1558308601379395, "noise": 0.6851677894592285, "test_rmse": 0.5150041580200195, "train_time": 15.677006006240845}
{"model": "pxpGP", "rank": 2, "world_size": 4, "total_dataset_size": 1000, "local_dataset_size": 238, "input_dim": 2, "lengthscale": [[0.5535988807678223, 0.48350822925567627]], "outputscale": 1.156830906867981, "noise": 0.6916256546974182, "test_rmse": 0.5152850151062012, "train_time": 15.67424464225769}
{"model": "pxpGP", "rank": 2, "world_size": 4, "total_dataset_size": 1000, "local_dataset_size": 243, "input_dim": 2, "lengthscale": [[0.5539159774780273, 0.48502832651138306]], "outputscale": 1.1496763229370117, "noise": 0.6920028328895569, "test_rmse": 0.6011598706245422, "train_time": 15.456979513168335}
{"model": "pxpGP", "rank": 0, "world_size": 4, "total_dataset_size": 1000, "local_dataset_size": 232, "input_dim": 2, "lengthscale": [[0.5629337430000305, 0.48350343108177185]], "outputscale": 1.149176836013794, "noise": 0.6863256096839905, "test_rmse": 0.5056717991828918, "train_time": 15.457659244537354}
{"model": "pxpGP", "rank": 3, "world_size": 4, "total_dataset_size": 1000, "local_dataset_size": 266, "input_dim": 2, "lengthscale": [[0.5544747710227966, 0.47657185792922974]], "outputscale": 1.1495535373687744, "noise": 0.6872221827507019, "test_rmse": 0.4663148820400238, "train_time": 15.458215236663818}
{"model": "pxpGP", "rank": 1, "world_size": 4, "total_dataset_size": 1000, "local_dataset_size": 247, "input_dim": 2, "lengthscale": [[0.5579866170883179, 0.4849315285682678]], "outputscale": 1.1495859622955322, "noise": 0.6907880902290344, "test_rmse": 0.5254755616188049, "train_time": 15.457324504852295}
{"model": "pxpGP", "rank": 3, "world_size": 4, "total_dataset_size": 1000, "local_dataset_size": 244, "input_dim": 2, "lengthscale": [[0.5029333233833313, 0.42024916410446167]], "outputscale": 1.8232518434524536, "noise": 0.06975625455379486, "test_rmse": 0.27155160903930664, "train_time": 21.216329336166382}
{"model": "pxpGP", "rank": 1, "world_size": 4, "total_dataset_size": 1000, "local_dataset_size": 260, "input_dim": 2, "lengthscale": [[0.49909815192222595, 0.41991153359413147]], "outputscale": 1.8242499828338623, "noise": 0.07038822770118713, "test_rmse": 0.44535693526268005, "train_time": 21.217135906219482}
{"model": "pxpGP", "rank": 0, "world_size": 4, "total_dataset_size": 1000, "local_dataset_size": 241, "input_dim": 2, "lengthscale": [[0.49914485216140747, 0.4172394275665283]], "outputscale": 1.8221819400787354, "noise": 0.07051847130060196, "test_rmse": 0.3061498999595642, "train_time": 21.215991020202637}
{"model": "pxpGP", "rank": 2, "world_size": 4, "total_dataset_size": 1000, "local_dataset_size": 236, "input_dim": 2, "lengthscale": [[0.5010929703712463, 0.4182090163230896]], "outputscale": 1.8255212306976318, "noise": 0.07047922909259796, "test_rmse": 0.28747478127479553, "train_time": 21.216710329055786}
{"model": "pxpGP", "rank": 1, "world_size": 4, "total_dataset_size": 1000, "local_dataset_size": 239, "input_dim": 2, "lengthscale": [[0.5447560548782349, 0.4884782135486603]], "outputscale": 1.205995798110962, "noise": 0.6898175477981567, "test_rmse": 0.48130476474761963, "train_time": 15.785923957824707}
{"model": "pxpGP", "rank": 3, "world_size": 4, "total_dataset_size": 1000, "local_dataset_size": 257, "input_dim": 2, "lengthscale": [[0.5416303873062134, 0.4802328944206238]], "outputscale": 1.2059792280197144, "noise": 0.6861256957054138, "test_rmse": 0.45223575830459595, "train_time": 15.790231943130493}
{"model": "pxpGP", "rank": 2, "world_size": 4, "total_dataset_size": 1000, "local_dataset_size": 259, "input_dim": 2, "lengthscale": [[0.5407736301422119, 0.48849785327911377]], "outputscale": 1.205885648727417, "noise": 0.6907196640968323, "test_rmse": 0.49918898940086365, "train_time": 15.7898530960083}
{"model": "pxpGP", "rank": 0, "world_size": 4, "total_dataset_size": 1000, "local_dataset_size": 240, "input_dim": 2, "lengthscale": [[0.5498658418655396, 0.487453818321228]], "outputscale": 1.2052252292633057, "noise": 0.6850730776786804, "test_rmse": 0.47115299105644226, "train_time": 15.78976845741272}
{"model": "pxpGP", "rank": 0, "world_size": 4, "total_dataset_size": 1000, "local_dataset_size": 242, "input_dim": 2, "lengthscale": [[0.5915020704269409, 0.4901788532733917]], "outputscale": 1.1906756162643433, "noise": 0.12600435316562653, "test_rmse": 0.3922020494937897, "train_time": 14.13541030883789}
{"model": "pxpGP", "rank": 3, "world_size": 4, "total_dataset_size": 1000, "local_dataset_size": 263, "input_dim": 2, "lengthscale": [[0.5817752480506897, 0.4826124310493469]], "outputscale": 1.1915608644485474, "noise": 0.12669526040554047, "test_rmse": 0.435367614030838, "train_time": 14.136383056640625}
{"model": "pxpGP", "rank": 2, "world_size": 4, "total_dataset_size": 1000, "local_dataset_size": 242, "input_dim": 2, "lengthscale": [[0.5822874307632446, 0.49279430508613586]], "outputscale": 1.1914950609207153, "noise": 0.12737725675106049, "test_rmse": 0.3599773943424225, "train_time": 14.136685609817505}
{"model": "pxpGP", "rank": 1, "world_size": 4, "total_dataset_size": 1000, "local_dataset_size": 258, "input_dim": 2, "lengthscale": [[0.5866564512252808, 0.4935176372528076]], "outputscale": 1.190826416015625, "noise": 0.12680663168430328, "test_rmse": 0.39513757824897766, "train_time": 14.135562419891357}
{"model": "pxpGP", "rank": 2, "world_size": 4, "total_dataset_size": 1000, "local_dataset_size": 248, "input_dim": 2, "lengthscale": [[0.459469735622406, 0.3621085584163666]], "outputscale": 1.6607601642608643, "noise": 0.044925838708877563, "test_rmse": 0.3194219470024109, "train_time": 27.390716075897217}
{"model": "pxpGP", "rank": 0, "world_size": 4, "total_dataset_size": 1000, "local_dataset_size": 252, "input_dim": 2, "lengthscale": [[0.45895546674728394, 0.3616495132446289]], "outputscale": 1.661063551902771, "noise": 0.044976480305194855, "test_rmse": 0.4920555651187897,