{"model": "fullGP", "rank": 0, "world_size": 1, "total_dataset_size": 4750, "local_dataset_size": 4750, "input_dim": 1, "lengthscale": [[0.1527012139558792]], "outputscale": 2.425178289413452, "noise": 0.04089817777276039, "test_rmse": 0.21384935081005096, "train_time": 27.914007663726807}
{"model": "fullGP", "rank": 0, "world_size": 1, "total_dataset_size": 4750, "local_dataset_size": 4750, "input_dim": 1, "lengthscale": [[0.1547306925058365]], "outputscale": 2.401738166809082, "noise": 0.03961616009473801, "test_rmse": 0.2032896876335144, "train_time": 27.121907472610474}
{"model": "fullGP", "rank": 0, "world_size": 1, "total_dataset_size": 4750, "local_dataset_size": 4750, "input_dim": 1, "lengthscale": [[0.15198542177677155]], "outputscale": 2.4105095863342285, "noise": 0.03834599256515503, "test_rmse": 0.209121972322464, "train_time": 27.192328929901123}
{"model": "fullGP", "rank": 0, "world_size": 1, "total_dataset_size": 4750, "local_dataset_size": 4750, "input_dim": 1, "lengthscale": [[0.15218305587768555]], "outputscale": 2.4142472743988037, "noise": 0.040829289704561234, "test_rmse": 0.18666140735149384, "train_time": 27.174921989440918}
{"model": "fullGP", "rank": 0, "world_size": 1, "total_dataset_size": 4750, "local_dataset_size": 4750, "input_dim": 1, "lengthscale": [[0.15392053127288818]], "outputscale": 2.4156203269958496, "noise": 0.0392838716506958, "test_rmse": 0.2137901782989502, "train_time": 27.780133485794067}
{"model": "fullGP", "rank": 0, "world_size": 1, "total_dataset_size": 4750, "local_dataset_size": 4750, "input_dim": 1, "lengthscale": [[0.15064889192581177]], "outputscale": 2.419217348098755, "noise": 0.04009639471769333, "test_rmse": 0.206319198012352, "train_time": 27.418264627456665}
{"model": "fullGP", "rank": 0, "world_size": 1, "total_dataset_size": 4750, "local_dataset_size": 4750, "input_dim": 1, "lengthscale": [[0.15338993072509766]], "outputscale": 2.4128024578094482, "noise": 0.03942764177918434, "test_rmse": 0.2011013627052307, "train_time": 27.33669877052307}
{"model": "fullGP", "rank": 0, "world_size": 1, "total_dataset_size": 4750, "local_dataset_size": 4750, "input_dim": 1, "lengthscale": [[0.15582652390003204]], "outputscale": 2.4057250022888184, "noise": 0.03970269113779068, "test_rmse": 0.19627226889133453, "train_time": 27.23810911178589}
{"model": "fullGP", "rank": 0, "world_size": 1, "total_dataset_size": 4750, "local_dataset_size": 4750, "input_dim": 1, "lengthscale": [[0.15192963182926178]], "outputscale": 2.4180939197540283, "noise": 0.039839744567871094, "test_rmse": 0.20546101033687592, "train_time": 27.27377462387085}
{"model": "fullGP", "rank": 0, "world_size": 1, "total_dataset_size": 4750, "local_dataset_size": 4750, "input_dim": 1, "lengthscale": [[0.1532447636127472]], "outputscale": 2.410271406173706, "noise": 0.042502712458372116, "test_rmse": 0.20485785603523254, "train_time": 27.247287034988403}
