{"model": "fullGP", "rank": 0, "world_size": 1, "total_dataset_size": 4750, "local_dataset_size": 4750, "input_dim": 2, "lengthscale": [[0.14714644849300385, 0.11208029091358185]], "outputscale": 1.6337976455688477, "noise": 0.00039445055881515145, "test_rmse": 0.05666236951947212, "train_time": 41.74899625778198}
{"model": "fullGP", "rank": 0, "world_size": 1, "total_dataset_size": 4750, "local_dataset_size": 4750, "input_dim": 2, "lengthscale": [[0.15094946324825287, 0.11379081755876541]], "outputscale": 1.739487886428833, "noise": 0.0004064405511599034, "test_rmse": 0.057057034224271774, "train_time": 41.359840631484985}
{"model": "fullGP", "rank": 0, "world_size": 1, "total_dataset_size": 4750, "local_dataset_size": 4750, "input_dim": 2, "lengthscale": [[0.1517014503479004, 0.11599569022655487]], "outputscale": 1.7416648864746094, "noise": 0.00041572487680241466, "test_rmse": 0.05450452119112015, "train_time": 41.242470264434814}
{"model": "fullGP", "rank": 0, "world_size": 1, "total_dataset_size": 4750, "local_dataset_size": 4750, "input_dim": 2, "lengthscale": [[0.1493346393108368, 0.11136075109243393]], "outputscale": 1.7284655570983887, "noise": 0.0004108392458874732, "test_rmse": 0.0660528838634491, "train_time": 41.327961444854736}
{"model": "fullGP", "rank": 0, "world_size": 1, "total_dataset_size": 4750, "local_dataset_size": 4750, "input_dim": 2, "lengthscale": [[0.14819663763046265, 0.11361634731292725]], "outputscale": 1.6849801540374756, "noise": 0.00039351917803287506, "test_rmse": 0.054232172667980194, "train_time": 41.963168144226074}
{"model": "fullGP", "rank": 0, "world_size": 1, "total_dataset_size": 4750, "local_dataset_size": 4750, "input_dim": 2, "lengthscale": [[0.14601781964302063, 0.11224281787872314]], "outputscale": 1.7099230289459229, "noise": 0.0004307809576857835, "test_rmse": 0.06305886805057526, "train_time": 41.174371004104614}
{"model": "fullGP", "rank": 0, "world_size": 1, "total_dataset_size": 4750, "local_dataset_size": 4750, "input_dim": 2, "lengthscale": [[0.14946192502975464, 0.11926235258579254]], "outputscale": 1.6797480583190918, "noise": 0.00039120260044001043, "test_rmse": 0.044860340654850006, "train_time": 41.6277174949646}
{"model": "fullGP", "rank": 0, "world_size": 1, "total_dataset_size": 4750, "local_dataset_size": 4750, "input_dim": 2, "lengthscale": [[0.1492702066898346, 0.11660414189100266]], "outputscale": 1.718371868133545, "noise": 0.00037075369618833065, "test_rmse": 0.04455474019050598, "train_time": 42.370500564575195}
{"model": "fullGP", "rank": 0, "world_size": 1, "total_dataset_size": 4750, "local_dataset_size": 4750, "input_dim": 2, "lengthscale": [[0.14306017756462097, 0.11093112826347351]], "outputscale": 1.731170892715454, "noise": 0.0004159491800237447, "test_rmse": 0.047232721000909805, "train_time": 41.65561509132385}
{"model": "fullGP", "rank": 0, "world_size": 1, "total_dataset_size": 4750, "local_dataset_size": 4750, "input_dim": 2, "lengthscale": [[0.14875996112823486, 0.11536810547113419]], "outputscale": 1.5885229110717773, "noise": 0.0003885049372911453, "test_rmse": 0.053074609488248825, "train_time": 42.26071858406067}
